web_source_path	web_line	method_observed	upstream_path_expression	normalized_path_for_index_only	extractor	backend_literal_candidate	scope_note
patient-web/app/api/appointments/[appointmentId]/call-token/route.ts	16	GET	/unified-bookings/${appointmentId}/call-token	/unified-bookings/:param/call-token	literal-callPatientApi	CANDIDATE_LITERAL_MATCH	CATALOG_ONLY_NOT_A_CONTRACT_OR_JOURNEY_PROOF
patient-web/app/api/appointments/[appointmentId]/cancel/route.ts	23	POST	/unified-bookings/consultation/${appointmentId}/cancel	/unified-bookings/consultation/:param/cancel	literal-callPatientApi	NO_LITERAL_MATCH_REQUIRES_MANUAL_RECONCILIATION	CATALOG_ONLY_NOT_A_CONTRACT_OR_JOURNEY_PROOF
patient-web/app/api/appointments/[appointmentId]/reschedule/route.ts	23	PATCH	/unified-bookings/consultation/${appointmentId}/reschedule	/unified-bookings/consultation/:param/reschedule	literal-callPatientApi	NO_LITERAL_MATCH_REQUIRES_MANUAL_RECONCILIATION	CATALOG_ONLY_NOT_A_CONTRACT_OR_JOURNEY_PROOF
patient-web/app/api/appointments/book/route.ts	31	POST	/unified-bookings	/unified-bookings	literal-callPatientApi	NO_LITERAL_MATCH_REQUIRES_MANUAL_RECONCILIATION	CATALOG_ONLY_NOT_A_CONTRACT_OR_JOURNEY_PROOF
patient-web/app/api/appointments/book/route.ts	60	POST	/insurance/requests	/insurance/requests	literal-callPatientApi	CANDIDATE_LITERAL_MATCH	CATALOG_ONLY_NOT_A_CONTRACT_OR_JOURNEY_PROOF
patient-web/app/api/auth/login/route.ts	14	POST	/auth/login	/auth/login	literal-callPatientApi	CANDIDATE_LITERAL_MATCH	CATALOG_ONLY_NOT_A_CONTRACT_OR_JOURNEY_PROOF
patient-web/app/api/auth/logout/route.ts	7	POST	/auth/logout	/auth/logout	literal-callPatientApi	CANDIDATE_LITERAL_MATCH	CATALOG_ONLY_NOT_A_CONTRACT_OR_JOURNEY_PROOF
patient-web/app/api/auth/otp/request/route.ts	13	POST	/auth/otp/request	/auth/otp/request	literal-callPatientApi	CANDIDATE_LITERAL_MATCH	CATALOG_ONLY_NOT_A_CONTRACT_OR_JOURNEY_PROOF
patient-web/app/api/auth/otp/verify/route.ts	13	POST	/auth/otp/verify	/auth/otp/verify	literal-callPatientApi	CANDIDATE_LITERAL_MATCH	CATALOG_ONLY_NOT_A_CONTRACT_OR_JOURNEY_PROOF
patient-web/app/api/auth/session/exchange/route.ts	15	POST	/auth/session/exchange	/auth/session/exchange	literal-callPatientApi	CANDIDATE_LITERAL_MATCH	CATALOG_ONLY_NOT_A_CONTRACT_OR_JOURNEY_PROOF
patient-web/app/api/auth/session/route.ts	19	GET	/auth/me	/auth/me	literal-callPatientApi	CANDIDATE_LITERAL_MATCH	CATALOG_ONLY_NOT_A_CONTRACT_OR_JOURNEY_PROOF
patient-web/app/api/auth/verify-2fa/route.ts	14	POST	/auth/login/verify-2fa	/auth/login/verify-2fa	literal-callPatientApi	CANDIDATE_LITERAL_MATCH	CATALOG_ONLY_NOT_A_CONTRACT_OR_JOURNEY_PROOF
patient-web/app/api/bookings/[kind]/route.ts	73	POST	/payments/intent/${payKind}/${encodeURIComponent(booking.id)}	/payments/intent/:param/:param	literal-callPatientApi	CANDIDATE_LITERAL_MATCH	CATALOG_ONLY_NOT_A_CONTRACT_OR_JOURNEY_PROOF
patient-web/app/api/bookings/[kind]/route.ts	85	POST	/insurance/requests	/insurance/requests	literal-callPatientApi	CANDIDATE_LITERAL_MATCH	CATALOG_ONLY_NOT_A_CONTRACT_OR_JOURNEY_PROOF
patient-web/app/api/chat/threads/[threadId]/media/route.ts	36	POST	/media/upload	/media/upload	literal-callPatientApi	CANDIDATE_LITERAL_MATCH	CATALOG_ONLY_NOT_A_CONTRACT_OR_JOURNEY_PROOF
patient-web/app/api/chat/threads/[threadId]/messages/route.ts	32	POST	/chat/threads/${encodeURIComponent(threadId)}/messages	/chat/threads/:param/messages	literal-callPatientApi	NO_LITERAL_MATCH_REQUIRES_MANUAL_RECONCILIATION	CATALOG_ONLY_NOT_A_CONTRACT_OR_JOURNEY_PROOF
patient-web/app/api/chat/threads/[threadId]/read/route.ts	24	POST	/chat/threads/${encodeURIComponent(threadId)}/read	/chat/threads/:param/read	literal-callPatientApi	NO_LITERAL_MATCH_REQUIRES_MANUAL_RECONCILIATION	CATALOG_ONLY_NOT_A_CONTRACT_OR_JOURNEY_PROOF
patient-web/app/api/chat/threads/[threadId]/rt-token/route.ts	25	GET_IMPLICIT	/chat/threads/${encodeURIComponent(threadId)}/rt-token	/chat/threads/:param/rt-token	literal-callPatientApi	NO_LITERAL_MATCH_REQUIRES_MANUAL_RECONCILIATION	CATALOG_ONLY_NOT_A_CONTRACT_OR_JOURNEY_PROOF
patient-web/app/api/community/[action]/route.ts	37	POST	/community/posts	/community/posts	literal-callPatientApi	CANDIDATE_LITERAL_MATCH	CATALOG_ONLY_NOT_A_CONTRACT_OR_JOURNEY_PROOF
patient-web/app/api/community/[action]/route.ts	51	POST	/community/posts/${encodeURIComponent(commentMatch[1])}/comment	/community/posts/:param/comment	literal-callPatientApi	CANDIDATE_LITERAL_MATCH	CATALOG_ONLY_NOT_A_CONTRACT_OR_JOURNEY_PROOF
patient-web/app/api/community/[action]/route.ts	65	PUT	/community/posts/${encodeURIComponent(voteMatch[1])}/vote	/community/posts/:param/vote	literal-callPatientApi	CANDIDATE_LITERAL_MATCH	CATALOG_ONLY_NOT_A_CONTRACT_OR_JOURNEY_PROOF
patient-web/app/api/emergency/[action]/route.ts	31	POST	/emergency/trigger	/emergency/trigger	literal-callPatientApi	CANDIDATE_LITERAL_MATCH	CATALOG_ONLY_NOT_A_CONTRACT_OR_JOURNEY_PROOF
patient-web/app/api/emergency/[action]/route.ts	45	POST	/emergency/${encodeURIComponent(cancelMatch[1])}/cancel	/emergency/:param/cancel	literal-callPatientApi	CANDIDATE_LITERAL_MATCH	CATALOG_ONLY_NOT_A_CONTRACT_OR_JOURNEY_PROOF
patient-web/app/api/family/create/route.ts	22	POST	/family/create	/family/create	literal-callPatientApi	CANDIDATE_LITERAL_MATCH	CATALOG_ONLY_NOT_A_CONTRACT_OR_JOURNEY_PROOF
patient-web/app/api/family/invite/route.ts	25	POST	/family/invite	/family/invite	literal-callPatientApi	CANDIDATE_LITERAL_MATCH	CATALOG_ONLY_NOT_A_CONTRACT_OR_JOURNEY_PROOF
patient-web/app/api/family/join/route.ts	26	POST	/family/join	/family/join	literal-callPatientApi	CANDIDATE_LITERAL_MATCH	CATALOG_ONLY_NOT_A_CONTRACT_OR_JOURNEY_PROOF
patient-web/app/api/family/leave/route.ts	17	POST	/family/leave	/family/leave	literal-callPatientApi	CANDIDATE_LITERAL_MATCH	CATALOG_ONLY_NOT_A_CONTRACT_OR_JOURNEY_PROOF
patient-web/app/api/family/members/[memberId]/permissions/route.ts	24	PATCH	/family/members/${encodeURIComponent(memberId)}/permissions	/family/members/:param/permissions	literal-callPatientApi	CANDIDATE_LITERAL_MATCH	CATALOG_ONLY_NOT_A_CONTRACT_OR_JOURNEY_PROOF
patient-web/app/api/family/members/[memberId]/route.ts	21	DELETE	/family/members/${encodeURIComponent(memberId)}	/family/members/:param	literal-callPatientApi	CANDIDATE_LITERAL_MATCH	CATALOG_ONLY_NOT_A_CONTRACT_OR_JOURNEY_PROOF
patient-web/app/api/family/members/route.ts	10	GET_IMPLICIT	/family/members	/family/members	literal-callPatientApi	CANDIDATE_LITERAL_MATCH	CATALOG_ONLY_NOT_A_CONTRACT_OR_JOURNEY_PROOF
patient-web/app/api/health/sleep/route.ts	27	POST	/health/sleep	/health/sleep	literal-callPatientApi	CANDIDATE_LITERAL_MATCH	CATALOG_ONLY_NOT_A_CONTRACT_OR_JOURNEY_PROOF
patient-web/app/api/health/vitals/route.ts	28	POST	/health/vitals	/health/vitals	literal-callPatientApi	CANDIDATE_LITERAL_MATCH	CATALOG_ONLY_NOT_A_CONTRACT_OR_JOURNEY_PROOF
patient-web/app/api/insurance/requests/[requestId]/pay-copay/route.ts	26	POST	/insurance/requests/${encodeURIComponent(requestId)}/pay-copay	/insurance/requests/:param/pay-copay	literal-callPatientApi	CANDIDATE_LITERAL_MATCH	CATALOG_ONLY_NOT_A_CONTRACT_OR_JOURNEY_PROOF
patient-web/app/api/maternity/profile/route.ts	27	POST	/maternity/profile	/maternity/profile	literal-callPatientApi	CANDIDATE_LITERAL_MATCH	CATALOG_ONLY_NOT_A_CONTRACT_OR_JOURNEY_PROOF
patient-web/app/api/media/[mediaId]/url/route.ts	19	GET_IMPLICIT	/media/${encodeURIComponent(mediaId)}/url	/media/:param/url	literal-callPatientApi	CANDIDATE_LITERAL_MATCH	CATALOG_ONLY_NOT_A_CONTRACT_OR_JOURNEY_PROOF
patient-web/app/api/medicines/compare/route.ts	16	POST	/medicines/compare	/medicines/compare	literal-callPatientApi	CANDIDATE_LITERAL_MATCH	CATALOG_ONLY_NOT_A_CONTRACT_OR_JOURNEY_PROOF
patient-web/app/api/mental-health/mood/route.ts	27	POST	/mental-health/mood	/mental-health/mood	literal-callPatientApi	CANDIDATE_LITERAL_MATCH	CATALOG_ONLY_NOT_A_CONTRACT_OR_JOURNEY_PROOF
patient-web/app/api/patient/[...path]/route.ts	9	POST	/auth/refresh	/auth/refresh	literal-callPatientApi	CANDIDATE_LITERAL_MATCH	CATALOG_ONLY_NOT_A_CONTRACT_OR_JOURNEY_PROOF
patient-web/app/api/pharmacy/orders/[orderId]/pay-wallet/route.ts	30	POST	/patient/pharmacy/orders/${encodeURIComponent(orderId)}/pay-wallet	/patient/pharmacy/orders/:param/pay-wallet	literal-callPatientApi	CANDIDATE_LITERAL_MATCH	CATALOG_ONLY_NOT_A_CONTRACT_OR_JOURNEY_PROOF
patient-web/app/api/pharmacy/orders/[orderId]/payment-intent/route.ts	24	POST	/payments/intent/pharmacy-order/${encodeURIComponent(orderId)}	/payments/intent/pharmacy-order/:param	literal-callPatientApi	NO_LITERAL_MATCH_REQUIRES_MANUAL_RECONCILIATION	CATALOG_ONLY_NOT_A_CONTRACT_OR_JOURNEY_PROOF
patient-web/app/api/push/subscribe/route.ts	24	POST	/push/web/subscribe	/push/web/subscribe	literal-callPatientApi	CANDIDATE_LITERAL_MATCH	CATALOG_ONLY_NOT_A_CONTRACT_OR_JOURNEY_PROOF
patient-web/app/api/push/unsubscribe/route.ts	19	POST	/push/web/unsubscribe	/push/web/unsubscribe	literal-callPatientApi	CANDIDATE_LITERAL_MATCH	CATALOG_ONLY_NOT_A_CONTRACT_OR_JOURNEY_PROOF
patient-web/app/api/push/vapid-key/route.ts	10	GET_IMPLICIT	/push/web/vapid-key	/push/web/vapid-key	literal-callPatientApi	CANDIDATE_LITERAL_MATCH	CATALOG_ONLY_NOT_A_CONTRACT_OR_JOURNEY_PROOF
patient-web/app/api/ratings/route.ts	28	POST	/ratings	/ratings	literal-callPatientApi	NO_LITERAL_MATCH_REQUIRES_MANUAL_RECONCILIATION	CATALOG_ONLY_NOT_A_CONTRACT_OR_JOURNEY_PROOF
patient-web/app/api/refunds/route.ts	26	POST	/refunds/request	/refunds/request	literal-callPatientApi	CANDIDATE_LITERAL_MATCH	CATALOG_ONLY_NOT_A_CONTRACT_OR_JOURNEY_PROOF
patient-web/app/api/support/[action]/route.ts	32	POST	/support/tickets	/support/tickets	literal-callPatientApi	CANDIDATE_LITERAL_MATCH	CATALOG_ONLY_NOT_A_CONTRACT_OR_JOURNEY_PROOF
patient-web/app/api/support/[action]/route.ts	46	POST	/support/requests/${encodeURIComponent(replyMatch[1])}/reply	/support/requests/:param/reply	literal-callPatientApi	CANDIDATE_LITERAL_MATCH	CATALOG_ONLY_NOT_A_CONTRACT_OR_JOURNEY_PROOF
patient-web/app/api/wearables/route.ts	27	POST	/wearables/data	/wearables/data	literal-callPatientApi	CANDIDATE_LITERAL_MATCH	CATALOG_ONLY_NOT_A_CONTRACT_OR_JOURNEY_PROOF
patient-web/lib/api/appointments-server.ts	5	GET_IMPLICIT	/care/appointments	/care/appointments	literal-callPatientApi	NO_LITERAL_MATCH_REQUIRES_MANUAL_RECONCILIATION	CATALOG_ONLY_NOT_A_CONTRACT_OR_JOURNEY_PROOF
patient-web/lib/api/appointments-server.ts	9	GET_IMPLICIT	/care/appointments/${appointmentId}	/care/appointments/:param	literal-callPatientApi	CANDIDATE_LITERAL_MATCH	CATALOG_ONLY_NOT_A_CONTRACT_OR_JOURNEY_PROOF
patient-web/lib/api/appointments-server.ts	13	GET_IMPLICIT	/unified-bookings/consultation/${appointmentId}	/unified-bookings/consultation/:param	literal-callPatientApi	NO_LITERAL_MATCH_REQUIRES_MANUAL_RECONCILIATION	CATALOG_ONLY_NOT_A_CONTRACT_OR_JOURNEY_PROOF
patient-web/lib/api/articles-server.ts	18	GET_IMPLICIT	/articles/bookmarks/mine	/articles/bookmarks/mine	literal-callPatientApi	CANDIDATE_LITERAL_MATCH	CATALOG_ONLY_NOT_A_CONTRACT_OR_JOURNEY_PROOF
patient-web/lib/api/breathing-server.ts	2	GET_IMPLICIT	/mental-health/breathing	/mental-health/breathing	literal-callPatientApi	CANDIDATE_LITERAL_MATCH	CATALOG_ONLY_NOT_A_CONTRACT_OR_JOURNEY_PROOF
patient-web/lib/api/chat-server.ts	5	GET_IMPLICIT	/chat/threads	/chat/threads	literal-callPatientApi	NO_LITERAL_MATCH_REQUIRES_MANUAL_RECONCILIATION	CATALOG_ONLY_NOT_A_CONTRACT_OR_JOURNEY_PROOF
patient-web/lib/api/chat-server.ts	9	GET_IMPLICIT	/chat/threads/${threadId}	/chat/threads/:param	literal-callPatientApi	NO_LITERAL_MATCH_REQUIRES_MANUAL_RECONCILIATION	CATALOG_ONLY_NOT_A_CONTRACT_OR_JOURNEY_PROOF
patient-web/lib/api/chat-server.ts	13	GET_IMPLICIT	/chat/threads/${threadId}/messages?limit=50	/chat/threads/:param/messages?limit=50	literal-callPatientApi	NO_LITERAL_MATCH_REQUIRES_MANUAL_RECONCILIATION	CATALOG_ONLY_NOT_A_CONTRACT_OR_JOURNEY_PROOF
patient-web/lib/api/chronic-meds-server.ts	2	GET_IMPLICIT	/health/chronic-meds	/health/chronic-meds	literal-callPatientApi	CANDIDATE_LITERAL_MATCH	CATALOG_ONLY_NOT_A_CONTRACT_OR_JOURNEY_PROOF
patient-web/lib/api/chronic-server.ts	2	GET_IMPLICIT	/health/chronic-diseases	/health/chronic-diseases	literal-callPatientApi	CANDIDATE_LITERAL_MATCH	CATALOG_ONLY_NOT_A_CONTRACT_OR_JOURNEY_PROOF
patient-web/lib/api/claims-server.ts	4	GET_IMPLICIT	/insurance/claims	/insurance/claims	literal-callPatientApi	CANDIDATE_LITERAL_MATCH	CATALOG_ONLY_NOT_A_CONTRACT_OR_JOURNEY_PROOF
patient-web/lib/api/crisis-contacts-server.ts	2	GET_IMPLICIT	/mental-health/crisis-contacts	/mental-health/crisis-contacts	literal-callPatientApi	CANDIDATE_LITERAL_MATCH	CATALOG_ONLY_NOT_A_CONTRACT_OR_JOURNEY_PROOF
patient-web/lib/api/dashboard-server.ts	5	GET_IMPLICIT	/users/me/profile	/users/me/profile	literal-callPatientApi	CANDIDATE_LITERAL_MATCH	CATALOG_ONLY_NOT_A_CONTRACT_OR_JOURNEY_PROOF
patient-web/lib/api/dashboard-server.ts	9	GET_IMPLICIT	/home/upcoming-appointment	/home/upcoming-appointment	literal-callPatientApi	CANDIDATE_LITERAL_MATCH	CATALOG_ONLY_NOT_A_CONTRACT_OR_JOURNEY_PROOF
patient-web/lib/api/diagnostics-server.ts	6	GET_IMPLICIT	/${domain}/bookings/mine	/:param/bookings/mine	literal-callPatientApi	NO_LITERAL_MATCH_REQUIRES_MANUAL_RECONCILIATION	CATALOG_ONLY_NOT_A_CONTRACT_OR_JOURNEY_PROOF
patient-web/lib/api/diagnostics-server.ts	10	GET_IMPLICIT	/${domain}/bookings/${bookingId}	/:param/bookings/:param	literal-callPatientApi	NO_LITERAL_MATCH_REQUIRES_MANUAL_RECONCILIATION	CATALOG_ONLY_NOT_A_CONTRACT_OR_JOURNEY_PROOF
patient-web/lib/api/emergency-contacts-server.ts	2	GET_IMPLICIT	/health/emergency-contacts	/health/emergency-contacts	literal-callPatientApi	CANDIDATE_LITERAL_MATCH	CATALOG_ONLY_NOT_A_CONTRACT_OR_JOURNEY_PROOF
patient-web/lib/api/family-group-server.ts	2	GET_IMPLICIT	/family/my-group	/family/my-group	literal-callPatientApi	CANDIDATE_LITERAL_MATCH	CATALOG_ONLY_NOT_A_CONTRACT_OR_JOURNEY_PROOF
patient-web/lib/api/family-server.ts	5	GET_IMPLICIT	/family/members	/family/members	literal-callPatientApi	CANDIDATE_LITERAL_MATCH	CATALOG_ONLY_NOT_A_CONTRACT_OR_JOURNEY_PROOF
patient-web/lib/api/home-care-server.ts	5	GET_IMPLICIT	/home-care/bookings/my	/home-care/bookings/my	literal-callPatientApi	CANDIDATE_LITERAL_MATCH	CATALOG_ONLY_NOT_A_CONTRACT_OR_JOURNEY_PROOF
patient-web/lib/api/insurance-server.ts	2	GET_IMPLICIT	/insurance/my-policy	/insurance/my-policy	literal-callPatientApi	CANDIDATE_LITERAL_MATCH	CATALOG_ONLY_NOT_A_CONTRACT_OR_JOURNEY_PROOF
patient-web/lib/api/insurance-server.ts	3	GET_IMPLICIT	/insurance/benefits-summary	/insurance/benefits-summary	literal-callPatientApi	CANDIDATE_LITERAL_MATCH	CATALOG_ONLY_NOT_A_CONTRACT_OR_JOURNEY_PROOF
patient-web/lib/api/medicines-server.ts	10	GET_IMPLICIT	/medicines/${medicineId}/details	/medicines/:param/details	literal-callPatientApi	CANDIDATE_LITERAL_MATCH	CATALOG_ONLY_NOT_A_CONTRACT_OR_JOURNEY_PROOF
patient-web/lib/api/meditation-server.ts	2	GET_IMPLICIT	/mental-health/meditation	/mental-health/meditation	literal-callPatientApi	CANDIDATE_LITERAL_MATCH	CATALOG_ONLY_NOT_A_CONTRACT_OR_JOURNEY_PROOF
patient-web/lib/api/mental-health-server.ts	2	GET_IMPLICIT	/mental-health/dashboard	/mental-health/dashboard	literal-callPatientApi	CANDIDATE_LITERAL_MATCH	CATALOG_ONLY_NOT_A_CONTRACT_OR_JOURNEY_PROOF
patient-web/lib/api/mood-server.ts	2	GET_IMPLICIT	/mental-health/mood?days=30	/mental-health/mood?days=30	literal-callPatientApi	NO_LITERAL_MATCH_REQUIRES_MANUAL_RECONCILIATION	CATALOG_ONLY_NOT_A_CONTRACT_OR_JOURNEY_PROOF
patient-web/lib/api/notification-settings-server.ts	5	GET_IMPLICIT	/users/me/notification-settings	/users/me/notification-settings	literal-callPatientApi	CANDIDATE_LITERAL_MATCH	CATALOG_ONLY_NOT_A_CONTRACT_OR_JOURNEY_PROOF
patient-web/lib/api/notifications-server.ts	5	GET_IMPLICIT	/notifications	/notifications	literal-callPatientApi	CANDIDATE_LITERAL_MATCH	CATALOG_ONLY_NOT_A_CONTRACT_OR_JOURNEY_PROOF
patient-web/lib/api/payments-server.ts	6	POST	/payments/intent/${kind.data}/${bookingId}	/payments/intent/:param/:param	literal-callPatientApi	CANDIDATE_LITERAL_MATCH	CATALOG_ONLY_NOT_A_CONTRACT_OR_JOURNEY_PROOF
patient-web/lib/api/prescriptions-server.ts	5	GET_IMPLICIT	/prescriptions/mine	/prescriptions/mine	literal-callPatientApi	CANDIDATE_LITERAL_MATCH	CATALOG_ONLY_NOT_A_CONTRACT_OR_JOURNEY_PROOF
patient-web/lib/api/radiology-server.ts	6	GET	/radiology/modalities	/radiology/modalities	literal-callPatientApi	CANDIDATE_LITERAL_MATCH	CATALOG_ONLY_NOT_A_CONTRACT_OR_JOURNEY_PROOF
patient-web/lib/api/radiology-server.ts	14	GET	"/radiology/services${params.toString() ? `?${params}` : """"}"	/radiology/services:param	literal-callPatientApi	NO_LITERAL_MATCH_REQUIRES_MANUAL_RECONCILIATION	CATALOG_ONLY_NOT_A_CONTRACT_OR_JOURNEY_PROOF
patient-web/lib/api/reminders-server.ts	5	GET_IMPLICIT	/health/reminders	/health/reminders	literal-callPatientApi	CANDIDATE_LITERAL_MATCH	CATALOG_ONLY_NOT_A_CONTRACT_OR_JOURNEY_PROOF
patient-web/lib/api/settings-server.ts	4	GET_IMPLICIT	/users/me/privacy-settings	/users/me/privacy-settings	literal-callPatientApi	CANDIDATE_LITERAL_MATCH	CATALOG_ONLY_NOT_A_CONTRACT_OR_JOURNEY_PROOF
patient-web/lib/api/settings-server.ts	8	GET_IMPLICIT	/users/me/security-settings	/users/me/security-settings	literal-callPatientApi	CANDIDATE_LITERAL_MATCH	CATALOG_ONLY_NOT_A_CONTRACT_OR_JOURNEY_PROOF
patient-web/lib/api/settings-server.ts	12	GET_IMPLICIT	/users/me/storage	/users/me/storage	literal-callPatientApi	CANDIDATE_LITERAL_MATCH	CATALOG_ONLY_NOT_A_CONTRACT_OR_JOURNEY_PROOF
patient-web/lib/api/settings-server.ts	16	GET_IMPLICIT	/users/me/sessions	/users/me/sessions	literal-callPatientApi	CANDIDATE_LITERAL_MATCH	CATALOG_ONLY_NOT_A_CONTRACT_OR_JOURNEY_PROOF
patient-web/lib/api/sleep-server.ts	2	GET_IMPLICIT	/health/sleep?limit=100	/health/sleep?limit=100	literal-callPatientApi	NO_LITERAL_MATCH_REQUIRES_MANUAL_RECONCILIATION	CATALOG_ONLY_NOT_A_CONTRACT_OR_JOURNEY_PROOF
patient-web/lib/api/trends-server.ts	2	GET_IMPLICIT	/health/trends	/health/trends	literal-callPatientApi	CANDIDATE_LITERAL_MATCH	CATALOG_ONLY_NOT_A_CONTRACT_OR_JOURNEY_PROOF
patient-web/lib/api/upstream.test.ts	10	GET_IMPLICIT	/health/vitals/summary	/health/vitals/summary	literal-callPatientApi	CANDIDATE_LITERAL_MATCH	CATALOG_ONLY_NOT_A_CONTRACT_OR_JOURNEY_PROOF
patient-web/lib/api/vitals-server.ts	5	GET_IMPLICIT	/health/vitals/summary	/health/vitals/summary	literal-callPatientApi	CANDIDATE_LITERAL_MATCH	CATALOG_ONLY_NOT_A_CONTRACT_OR_JOURNEY_PROOF
patient-web/lib/api/vitals-server.ts	9	GET_IMPLICIT	/health/vitals?limit=100	/health/vitals?limit=100	literal-callPatientApi	NO_LITERAL_MATCH_REQUIRES_MANUAL_RECONCILIATION	CATALOG_ONLY_NOT_A_CONTRACT_OR_JOURNEY_PROOF
patient-web/lib/api/vitals-server.ts	13	GET_IMPLICIT	/health/score	/health/score	literal-callPatientApi	CANDIDATE_LITERAL_MATCH	CATALOG_ONLY_NOT_A_CONTRACT_OR_JOURNEY_PROOF
patient-web/lib/api/vitals-server.ts	17	GET_IMPLICIT	/health/reports	/health/reports	literal-callPatientApi	CANDIDATE_LITERAL_MATCH	CATALOG_ONLY_NOT_A_CONTRACT_OR_JOURNEY_PROOF
patient-web/lib/api/wishlist-server.ts	4	GET_IMPLICIT	/users/me/wishlist	/users/me/wishlist	literal-callPatientApi	CANDIDATE_LITERAL_MATCH	CATALOG_ONLY_NOT_A_CONTRACT_OR_JOURNEY_PROOF
