file	line	method	route
backend/src/health.controller.ts	15	GET	/
backend/src/health.controller.ts	26	GET	/health/liveness
backend/src/health.controller.ts	32	GET	/health/readiness
backend/src/modules/admin-authority/admin-authority.module.ts	256	POST	/admin/authority/appointments/:id/force-cancel
backend/src/modules/admin-authority/admin-authority.module.ts	257	POST	/admin/authority/appointments/:id/force-confirm
backend/src/modules/admin-authority/admin-authority.module.ts	258	POST	/admin/authority/appointments/:id/force-reschedule
backend/src/modules/admin-authority/admin-authority.module.ts	259	POST	/admin/authority/orders/:id/force-cancel
backend/src/modules/admin-authority/admin-authority.module.ts	260	POST	/admin/authority/orders/:id/force-complete
backend/src/modules/admin-authority/admin-authority.module.ts	261	POST	/admin/authority/orders/:id/force-reassign
backend/src/modules/admin-authority/admin-authority.module.ts	263	POST	/admin/authority/labs/:id/force-cancel
backend/src/modules/admin-authority/admin-authority.module.ts	264	POST	/admin/authority/labs/:id/force-complete
backend/src/modules/admin-authority/admin-authority.module.ts	265	POST	/admin/authority/labs/:id/override-insurance
backend/src/modules/admin-authority/admin-authority.module.ts	267	POST	/admin/authority/radiology/:id/force-cancel
backend/src/modules/admin-authority/admin-authority.module.ts	268	POST	/admin/authority/radiology/:id/force-complete
backend/src/modules/admin-authority/admin-authority.module.ts	269	POST	/admin/authority/radiology/:id/override-insurance
backend/src/modules/admin-authority/admin-authority.module.ts	271	POST	/admin/authority/providers/:id/suspend
backend/src/modules/admin-authority/admin-authority.module.ts	272	POST	/admin/authority/providers/:id/unsuspend
backend/src/modules/admin-authority/admin-authority.module.ts	273	POST	/admin/authority/users/:id/impersonate
backend/src/modules/admin-authority/admin-authority.module.ts	275	GET	/admin/authority/actions
backend/src/modules/admin-command-center/admin-command-center.module.ts	113	GET	/admin/command-center
backend/src/modules/admin-governance/admin-governance.module.ts	238	GET	/admin/governance/summary
backend/src/modules/admin-governance/admin-governance.module.ts	239	GET	/admin/governance/providers-performance
backend/src/modules/admin-governance/admin-governance.module.ts	240	GET	/admin/governance/patient/:id
backend/src/modules/admin-governance/admin-governance.module.ts	241	GET	/admin/governance/trace/:entity_type/:entity_id
backend/src/modules/admin-governance/admin-governance.module.ts	261	GET	/admin/governance
backend/src/modules/admin-governance/admin-governance.module.ts	270	POST	/admin/governance/:key
backend/src/modules/admin-governance/admin-governance.module.ts	301	GET	/admin/governance
backend/src/modules/admin-governance/admin-governance.module.ts	338	PUT	/admin/governance/:id
backend/src/modules/admin-governance/b2b.controller.ts	15	GET	/b2b/requests
backend/src/modules/admin-governance/b2b.controller.ts	24	POST	/b2b/requests/:id/approve
backend/src/modules/admin-governance/b2b.controller.ts	34	POST	/b2b/requests/:id/reject
backend/src/modules/admin-governance/system-config.controller.ts	19	GET	/admin/governance/system-config
backend/src/modules/admin-governance/system-config.controller.ts	31	PUT	/admin/governance/system-config
backend/src/modules/admin-web-core/controllers/admin-config.controller.ts	9	GET	/admin/config/sla
backend/src/modules/admin-web-core/controllers/admin-config.controller.ts	15	PUT	/admin/config/sla
backend/src/modules/admin-web-core/controllers/admin-extended-operations.controller.ts	17	GET	/admin/extended-operations/pending-deltas
backend/src/modules/admin-web-core/controllers/admin-extended-operations.controller.ts	23	GET	/admin/extended-operations/procurement/pending
backend/src/modules/admin-web-core/controllers/admin-extended-operations.controller.ts	29	PATCH	/admin/extended-operations/commit-delta/:id
backend/src/modules/admin-web-core/controllers/admin-extended-operations.controller.ts	41	PATCH	/admin/extended-operations/reject-delta/:id
backend/src/modules/admin-web-core/controllers/admin-extended-operations.controller.ts	51	PATCH	/admin/extended-operations/issue-quote/:procurementId
backend/src/modules/admin-web-core/controllers/admin-governance.controller.ts	16	PUT	/admin/governance/trigger-emergency-maintenance
backend/src/modules/admin-web-core/controllers/admin-governance.controller.ts	21	GET	/admin/governance/fraud-alerts
backend/src/modules/admin-web-core/controllers/admin-governance.controller.ts	28	GET	/admin/governance/audit-logs
backend/src/modules/admin-web-core/controllers/analytics.controller.ts	16	GET	/nabd-extensions/admin/analytics/heatmaps
backend/src/modules/admin-web-core/controllers/finance.controller.ts	18	GET	/admin/finance/commissions
backend/src/modules/admin-web-core/controllers/finance.controller.ts	24	GET	/admin/finance/withdrawals/pending
backend/src/modules/admin-web-core/controllers/finance.controller.ts	30	POST	/admin/finance/withdrawals/:id/execute
backend/src/modules/admin-web-core/controllers/provider-moderation.controller.ts	17	GET	/providers/pending
backend/src/modules/admin-web-core/controllers/provider-moderation.controller.ts	23	POST	/providers/:id/approve
backend/src/modules/admin-web-core/controllers/provider-moderation.controller.ts	32	POST	/providers/:id/suspend
backend/src/modules/admin-web-core/controllers/provider-moderation.controller.ts	42	POST	/providers/provider-deltas
backend/src/modules/admin-web-core/controllers/provider-moderation.controller.ts	48	POST	/providers/provider-deltas/:id/approve
backend/src/modules/admin-web-core/controllers/provider-moderation.controller.ts	55	POST	/providers/provider-deltas/:id/reject
backend/src/modules/admin/admin.controller.ts	21	POST	/admin/approve/:userId
backend/src/modules/admin/admin.controller.ts	34	POST	/admin/suspend/:userId
backend/src/modules/admin/admin.controller.ts	47	POST	/admin/provider-deltas
backend/src/modules/admin/admin.controller.ts	53	POST	/admin/provider-deltas/:deltaId/approve
backend/src/modules/admin/admin.controller.ts	67	POST	/admin/provider-deltas/:deltaId/reject
backend/src/modules/ai/ai.controller.ts	13	GET	/ai/config
backend/src/modules/ai/ai.controller.ts	19	POST	/ai/config
backend/src/modules/ai/ai.controller.ts	26	POST	/ai/triage
backend/src/modules/ai/ai.controller.ts	31	POST	/ai/voice-to-order
backend/src/modules/ai/ai.controller.ts	40	POST	/ai/prescription-ocr
backend/src/modules/ai/ai.controller.ts	46	POST	/ai/parse-excel
backend/src/modules/ai/ai.controller.ts	53	POST	/ai/copilot/suggest
backend/src/modules/ai/ai.controller.ts	58	POST	/ai/triage/chat
backend/src/modules/ai/ai.controller.ts	64	POST	/ai/ocr-translate
backend/src/modules/ai/ai.controller.ts	69	POST	/ai/skin-analysis
backend/src/modules/ai/ai.controller.ts	74	POST	/ai/medicine-image-search
backend/src/modules/ai/ai.controller.ts	79	POST	/ai/barcode-lookup
backend/src/modules/ai/ai.controller.ts	84	POST	/ai/analyze-meal
backend/src/modules/ai/ai.controller.ts	89	POST	/ai/generate-diet-plan
backend/src/modules/analytics/analytics.module.ts	231	POST	/analytics/log
backend/src/modules/analytics/analytics.module.ts	244	GET	/analytics/popular
backend/src/modules/analytics/analytics.module.ts	250	GET	/analytics/health
backend/src/modules/analytics/analytics.module.ts	257	GET	/analytics/dashboard
backend/src/modules/analytics/analytics.module.ts	264	GET	/analytics/admin-stats
backend/src/modules/approval-workflow/approval-workflow.module.ts	145	POST	/approval-workflow/requests
backend/src/modules/approval-workflow/approval-workflow.module.ts	150	GET	/approval-workflow/my-requests
backend/src/modules/approval-workflow/approval-workflow.module.ts	155	GET	/approval-workflow/requests/pending
backend/src/modules/approval-workflow/approval-workflow.module.ts	161	GET	/approval-workflow/requests/:id
backend/src/modules/approval-workflow/approval-workflow.module.ts	166	POST	/approval-workflow/requests/:id/decide
backend/src/modules/auth/auth.controller.ts	35	POST	/auth/register
backend/src/modules/auth/auth.controller.ts	41	POST	/auth/login
backend/src/modules/auth/auth.controller.ts	59	POST	/auth/guest
backend/src/modules/auth/auth.controller.ts	64	POST	/auth/convert-guest
backend/src/modules/auth/auth.controller.ts	70	POST	/auth/login/verify-2fa
backend/src/modules/auth/auth.controller.ts	86	GET	/auth/me
backend/src/modules/auth/auth.controller.ts	92	POST	/auth/refresh
backend/src/modules/auth/auth.controller.ts	98	POST	/auth/logout-all
backend/src/modules/auth/auth.controller.ts	104	POST	/auth/consent
backend/src/modules/auth/auth.controller.ts	114	POST	/auth/logout
backend/src/modules/auth/auth.controller.ts	126	POST	/auth/send-otp
backend/src/modules/auth/auth.controller.ts	133	POST	/auth/verify-otp
backend/src/modules/auth/auth.controller.ts	140	POST	/auth/reset-password
backend/src/modules/auth/auth.controller.ts	148	POST	/auth/social-login
backend/src/modules/bans/bans.controller.ts	20	POST	/bans
backend/src/modules/bans/bans.controller.ts	25	DELETE	/bans/:value
backend/src/modules/bans/bans.controller.ts	30	GET	/bans
backend/src/modules/booking-flow/booking-flow.module.ts	221	GET	/booking/flow/status/:type/:id
backend/src/modules/booking-flow/booking-flow.module.ts	222	GET	/booking/flow/timeline/:type/:id
backend/src/modules/booking-flow/booking-flow.module.ts	223	POST	/booking/flow/retry/:type/:id
backend/src/modules/booking-flow/booking-flow.module.ts	224	POST	/booking/flow/resolve/:type/:id
backend/src/modules/booking-ops/booking-ops.module.ts	160	GET	/booking/flow/invoice/:type/:id
backend/src/modules/booking-ops/booking-ops.module.ts	161	GET	/booking/flow/payment/:type/:id
backend/src/modules/booking-ops/booking-ops.module.ts	162	POST	/booking/flow/payment/:type/:id/mark
backend/src/modules/booking-ops/booking-ops.module.ts	163	POST	/booking/flow/attachments/:type/:id
backend/src/modules/booking-ops/booking-ops.module.ts	164	GET	/booking/flow/attachments/:type/:id
backend/src/modules/business-rules/business-rules.module.ts	172	GET	/business-rules/config/surge
backend/src/modules/business-rules/business-rules.module.ts	175	POST	/business-rules/config/surge
backend/src/modules/business-rules/business-rules.module.ts	178	POST	/business-rules/validate
backend/src/modules/care/appointments.controller.ts	14	POST	/care/appointments
backend/src/modules/care/appointments.controller.ts	19	GET	/care/appointments
backend/src/modules/care/appointments.controller.ts	24	GET	/care/appointments/:id
backend/src/modules/care/appointments.controller.ts	29	POST	/care/appointments/waitlist/join
backend/src/modules/care/appointments.controller.ts	34	PATCH	/care/appointments/:id/cancel
backend/src/modules/care/appointments.controller.ts	39	PATCH	/care/appointments/:id/reschedule
backend/src/modules/care/appointments.controller.ts	45	PATCH	/care/appointments/:id/confirm
backend/src/modules/care/appointments.controller.ts	51	PATCH	/care/appointments/:id/check-in
backend/src/modules/care/appointments.controller.ts	57	PATCH	/care/appointments/:id/start
backend/src/modules/care/appointments.controller.ts	63	PATCH	/care/appointments/:id/complete
backend/src/modules/care/appointments.controller.ts	69	POST	/care/appointments/:id/finish
backend/src/modules/care/care.controller.ts	11	GET	/care/specialties
backend/src/modules/care/care.controller.ts	17	GET	/care/insurance
backend/src/modules/care/care.controller.ts	23	GET	/care/degrees
backend/src/modules/care/care.controller.ts	29	GET	/care/doctors
backend/src/modules/care/care.controller.ts	60	GET	/care/doctors/:id
backend/src/modules/care/care.controller.ts	66	GET	/care/doctors/:id/slots
backend/src/modules/care/care.controller.ts	76	GET	/care/search
backend/src/modules/care/care.controller.ts	83	GET	/care/facilities
backend/src/modules/care/care.controller.ts	95	GET	/care/facilities/:id
backend/src/modules/care/doctor-integration.controller.ts	14	PUT	/provider/doctor-engine/synchronize-settings
backend/src/modules/care/doctor-integration.controller.ts	36	POST	/provider/doctor-engine/finalize-encounter
backend/src/modules/care/doctor-referrals.controller.ts	14	POST	/provider/doctor-referrals/issue-referrals-and-prescription
backend/src/modules/care/doctor-referrals.controller.ts	41	PATCH	/provider/doctor-referrals/diagnostic-callback/:appointmentId
backend/src/modules/cart/cart.controller.ts	11	POST	/cart/clear
backend/src/modules/cart/cart.controller.ts	17	GET	/cart/prescription
backend/src/modules/cart/cart.module.ts	131	GET	/cart
backend/src/modules/cart/cart.module.ts	132	POST	/cart/lines
backend/src/modules/cart/cart.module.ts	133	PATCH	/cart/lines/:lineId
backend/src/modules/cart/cart.module.ts	134	DELETE	/cart/lines/:lineId
backend/src/modules/cart/cart.module.ts	135	POST	/cart/clear
backend/src/modules/cart/cart.module.ts	136	GET	/cart/checkout
backend/src/modules/chat/chat.module.ts	378	GET	/threads/:threadId/permissions
backend/src/modules/chat/chat.module.ts	491	GET	/threads
backend/src/modules/chat/chat.module.ts	496	POST	/threads/direct
backend/src/modules/chat/chat.module.ts	501	POST	/threads/group
backend/src/modules/chat/chat.module.ts	506	POST	/threads/booking
backend/src/modules/chat/chat.module.ts	511	GET	/threads/:threadId
backend/src/modules/chat/chat.module.ts	516	GET	/threads/:threadId/messages
backend/src/modules/chat/chat.module.ts	527	POST	/threads/:threadId/messages
backend/src/modules/chat/chat.module.ts	532	POST	/threads/:threadId/read
backend/src/modules/chat/chat.module.ts	537	POST	/threads/:threadId/delivered
backend/src/modules/chat/chat.module.ts	542	PATCH	/messages/:msgId
backend/src/modules/chat/chat.module.ts	547	DELETE	/messages/:msgId
backend/src/modules/chat/chat.module.ts	552	POST	/messages/:msgId/reactions
backend/src/modules/chat/chat.module.ts	557	DELETE	/messages/:msgId/reactions/:emoji
backend/src/modules/chat/chat.module.ts	562	POST	/messages/:msgId/pin
backend/src/modules/chat/chat.module.ts	567	POST	/threads/:threadId/participants
backend/src/modules/chat/chat.module.ts	572	DELETE	/threads/:threadId/participants/:userId
backend/src/modules/community/community.controller.ts	16	GET	/community/posts
backend/src/modules/community/community.controller.ts	26	POST	/community/posts
backend/src/modules/community/community.controller.ts	31	GET	/community/posts/:id
backend/src/modules/community/community.controller.ts	36	POST	/community/posts/:id/comment
backend/src/modules/community/community.controller.ts	41	PUT	/community/posts/:id/vote
backend/src/modules/community/community.controller.ts	46	DELETE	/community/posts/:id
backend/src/modules/community/community.controller.ts	53	GET	/community/admin/pending
backend/src/modules/community/community.controller.ts	58	PUT	/community/admin/:id/moderate
backend/src/modules/community/community.controller.ts	65	GET	/community/live-sessions
backend/src/modules/community/community.controller.ts	70	POST	/community/live-sessions
backend/src/modules/community/community.controller.ts	75	PUT	/community/live-sessions/:id/join
backend/src/modules/community/community.controller.ts	80	PUT	/community/live-sessions/:id/status
backend/src/modules/config/config.controller.ts	13	GET	/config
backend/src/modules/consistency/consistency.module.ts	165	GET	/consistency/audit
backend/src/modules/consistency/consistency.module.ts	166	POST	/consistency/reconcile
backend/src/modules/consistency/consistency.module.ts	167	POST	/consistency/fix-orphans
backend/src/modules/coturn/coturn.controller.ts	10	GET	/calls/ice/config
backend/src/modules/coturn/coturn.controller.ts	15	GET	/calls/ice/credentials
backend/src/modules/custom-services/custom-services.controller.ts	12	POST	/custom-services
backend/src/modules/custom-services/custom-services.controller.ts	13	GET	/custom-services/mine
backend/src/modules/custom-services/custom-services.controller.ts	14	GET	/custom-services/:id
backend/src/modules/custom-services/custom-services.controller.ts	17	GET	/custom-services/admin/list
backend/src/modules/custom-services/custom-services.controller.ts	18	PATCH	/custom-services/admin/:id/status
backend/src/modules/doctors/doctors.module.ts	251	GET	/doctors
backend/src/modules/doctors/doctors.module.ts	252	GET	/doctors/specialties
backend/src/modules/doctors/doctors.module.ts	253	GET	/doctors/:id
backend/src/modules/doctors/doctors.module.ts	254	GET	/doctors/:id/slots
backend/src/modules/doctors/doctors.module.ts	256	POST	/doctors/appointments
backend/src/modules/doctors/doctors.module.ts	257	GET	/doctors/appointments/mine
backend/src/modules/doctors/doctors.module.ts	258	GET	/doctors/appointments/inbox
backend/src/modules/doctors/doctors.module.ts	259	GET	/doctors/appointments/:id
backend/src/modules/doctors/doctors.module.ts	260	PATCH	/doctors/appointments/:id/state
backend/src/modules/doctors/doctors.module.ts	262	GET	/doctors/appointments/:id/messages
backend/src/modules/doctors/doctors.module.ts	263	POST	/doctors/appointments/:id/messages
backend/src/modules/doctors/doctors.module.ts	264	POST	/doctors/appointments/:id/note
backend/src/modules/doctors/doctors.module.ts	266	PATCH	/doctors/availability
backend/src/modules/doctors/doctors.module.ts	273	GET	/doctors
backend/src/modules/doctors/doctors.module.ts	274	GET	/doctors/unread-count
backend/src/modules/doctors/doctors.module.ts	275	PATCH	/doctors/:id/read
backend/src/modules/doctors/doctors.module.ts	276	POST	/doctors/mark-all-read
backend/src/modules/drivers/drivers.controller.ts	11	POST	/drivers/online
backend/src/modules/drivers/drivers.controller.ts	17	POST	/drivers/offline
backend/src/modules/drivers/drivers.controller.ts	23	GET	/drivers/shift
backend/src/modules/drivers/drivers.controller.ts	29	POST	/drivers/location
backend/src/modules/drivers/drivers.controller.ts	35	GET	/drivers/:driverId/location
backend/src/modules/drivers/drivers.controller.ts	40	GET	/drivers/orders/available
backend/src/modules/drivers/drivers.controller.ts	46	GET	/drivers/orders/active
backend/src/modules/drivers/drivers.controller.ts	52	GET	/drivers/orders/history
backend/src/modules/drivers/drivers.controller.ts	58	POST	/drivers/orders/:id/accept
backend/src/modules/drivers/drivers.controller.ts	64	POST	/drivers/orders/:id/pickup
backend/src/modules/drivers/drivers.controller.ts	70	POST	/drivers/orders/:id/deliver
backend/src/modules/drivers/drivers.controller.ts	77	GET	/drivers/admin/online
backend/src/modules/drivers/drivers.controller.ts	84	GET	/drivers/available
backend/src/modules/emergency/emergency.controller.ts	11	POST	/emergency/trigger
backend/src/modules/emergency/emergency.controller.ts	16	GET	/emergency/active
backend/src/modules/emergency/emergency.controller.ts	22	GET	/emergency/my-active
backend/src/modules/emergency/emergency.controller.ts	28	GET	/emergency/:id
backend/src/modules/emergency/emergency.controller.ts	34	POST	/emergency/:id/assign
backend/src/modules/emergency/emergency.controller.ts	40	POST	/emergency/:id/resolve
backend/src/modules/event-reliability/event-reliability.module.ts	136	GET	/events/status
backend/src/modules/event-reliability/event-reliability.module.ts	137	POST	/events/retry-failed
backend/src/modules/event-reliability/event-reliability.module.ts	138	POST	/events/replay/:eventId
backend/src/modules/events/events.controllers.ts	12	GET	/admin/events
backend/src/modules/events/events.controllers.ts	26	GET	/admin/events/trace
backend/src/modules/export/export.controller.ts	19	GET	/export/patients
backend/src/modules/export/export.controller.ts	25	GET	/export/appointments
backend/src/modules/export/export.controller.ts	31	GET	/export/orders
backend/src/modules/export/export.controller.ts	37	GET	/export/transactions
backend/src/modules/export/export.controller.ts	43	GET	/export/audit-logs
backend/src/modules/facility-ops/facility-ops.module.ts	219	GET	/facility/beds/wards
backend/src/modules/facility-ops/facility-ops.module.ts	224	GET	/facility/beds/wards/:wardId/beds
backend/src/modules/facility-ops/facility-ops.module.ts	229	POST	/facility/beds/wards
backend/src/modules/facility-ops/facility-ops.module.ts	234	POST	/facility/beds/admission
backend/src/modules/facility-ops/facility-ops.module.ts	239	PUT	/facility/beds/discharge/:admissionId
backend/src/modules/facility-ops/facility-ops.module.ts	250	GET	/facility/beds
backend/src/modules/facility-ops/facility-ops.module.ts	255	POST	/facility/beds
backend/src/modules/facility-ops/facility-ops.module.ts	260	POST	/facility/beds/:id/substitute
backend/src/modules/facility-ops/facility-ops.module.ts	265	POST	/facility/beds/attendance/check-in
backend/src/modules/facility-ops/facility-ops.module.ts	270	POST	/facility/beds/attendance/check-out/:attendanceId
backend/src/modules/facility-ops/facility-ops.module.ts	275	GET	/facility/beds/attendance
backend/src/modules/facility-ops/facility-ops.module.ts	286	POST	/facility/beds/book
backend/src/modules/facility-ops/facility-ops.module.ts	291	GET	/facility/beds/schedule
backend/src/modules/family/family.controller.ts	16	POST	/family/create
backend/src/modules/family/family.controller.ts	23	GET	/family/my-group
backend/src/modules/family/family.controller.ts	29	POST	/family/invite
backend/src/modules/family/family.controller.ts	35	POST	/family/join
backend/src/modules/family/family.controller.ts	41	DELETE	/family/remove-member/:userId
backend/src/modules/family/family.controller.ts	47	GET	/family/members
backend/src/modules/family/family.controller.ts	53	GET	/family/member-health/:userId
backend/src/modules/family/family.controller.ts	59	GET	/family/emergency-contacts
backend/src/modules/family/family.controller.ts	67	POST	/family/calendar/event
backend/src/modules/family/family.controller.ts	73	GET	/family/calendar
backend/src/modules/family/family.controller.ts	79	DELETE	/family/calendar/event/:eventId
backend/src/modules/family/family.controller.ts	87	POST	/family/permissions/request
backend/src/modules/family/family.controller.ts	100	GET	/family/permissions/pending
backend/src/modules/family/family.controller.ts	106	PUT	/family/permissions/respond/:requestId
backend/src/modules/feature-flags/feature-flags.controller.ts	11	GET	/admin/feature-flags
backend/src/modules/feature-flags/feature-flags.controller.ts	17	POST	/admin/feature-flags/:key
backend/src/modules/health/health.controller.ts	12	GET	/health/vitals
backend/src/modules/health/health.controller.ts	16	GET	/health/vitals/latest
backend/src/modules/health/health.controller.ts	19	GET	/health/vitals/summary
backend/src/modules/health/health.controller.ts	21	POST	/health/vitals
backend/src/modules/health/health.controller.ts	23	PATCH	/health/vitals/:id
backend/src/modules/health/health.controller.ts	25	DELETE	/health/vitals/:id
backend/src/modules/health/health.controller.ts	28	GET	/health/reminders
backend/src/modules/health/health.controller.ts	30	POST	/health/reminders
backend/src/modules/health/health.controller.ts	32	POST	/health/reminders/:id/log
backend/src/modules/health/health.controller.ts	36	PATCH	/health/reminders/:id
backend/src/modules/health/health.controller.ts	40	DELETE	/health/reminders/:id
backend/src/modules/health/health.controller.ts	43	GET	/health/sleep
backend/src/modules/health/health.controller.ts	47	POST	/health/sleep
backend/src/modules/health/health.controller.ts	53	GET	/health/reports
backend/src/modules/health/health.controller.ts	58	GET	/health/medications/reminders
backend/src/modules/health/health.controller.ts	63	GET	/health/prescriptions
backend/src/modules/health/health.controller.ts	68	GET	/health/emergency-contacts
backend/src/modules/health/health.controller.ts	73	GET	/health/chronic-diseases
backend/src/modules/health/health.controller.ts	78	GET	/health/chronic-meds
backend/src/modules/health/health.controller.ts	83	GET	/health/trends
backend/src/modules/home-care/controllers/home-care-tracking.controller.ts	10	POST	/home-care/tracking/verify-attendance/:bookingId
backend/src/modules/home-care/controllers/home-care-tracking.controller.ts	43	POST	/home-care/tracking/submit-supplies-request
backend/src/modules/home-care/home-care.controller.ts	42	GET	/nursing/catalog
backend/src/modules/home-care/home-care.controller.ts	48	GET	/nursing/staff
backend/src/modules/home-care/home-care.controller.ts	58	POST	/nursing/visits/:id/assign
backend/src/modules/home-care/home-care.controller.ts	84	GET	/nursing/visits
backend/src/modules/home-care/home-care.controller.ts	91	GET	/nursing/visits/:id
backend/src/modules/home-care/home-care.controller.ts	99	GET	/nursing/visits/:id/tracking
backend/src/modules/home-care/home-care.controller.ts	116	POST	/nursing/visits/:id/respond
backend/src/modules/home-care/home-care.controller.ts	134	POST	/nursing/visits/:id/transit
backend/src/modules/home-care/home-care.controller.ts	151	POST	/nursing/visits/:id/gps
backend/src/modules/home-care/home-care.controller.ts	164	POST	/nursing/visits/:id/check-in
backend/src/modules/home-care/home-care.controller.ts	184	POST	/nursing/visits/:id/arrive
backend/src/modules/home-care/home-care.controller.ts	214	POST	/nursing/visits/:id/start-care
backend/src/modules/home-care/home-care.controller.ts	227	POST	/nursing/visits/:id/no-show
backend/src/modules/home-care/home-care.controller.ts	246	POST	/nursing/visits/:id/emergency-abort
backend/src/modules/home-care/home-care.controller.ts	262	POST	/nursing/visits/:id/complete
backend/src/modules/home-care/home-care.controller.ts	295	POST	/nursing/visits/:id/supply-requests
backend/src/modules/home-care/home-care.controller.ts	315	GET	/nursing/wallet
backend/src/modules/home/home.controller.ts	10	GET	/home/offers
backend/src/modules/home/home.controller.ts	15	GET	/home/upcoming-appointment
backend/src/modules/home/home.controller.ts	20	GET	/home/search
backend/src/modules/hospital-staff/hospital-staff.module.ts	117	GET	/hospital/staff
backend/src/modules/hospital-staff/hospital-staff.module.ts	118	POST	/hospital/staff
backend/src/modules/hospital-staff/hospital-staff.module.ts	119	PATCH	/hospital/staff/:id
backend/src/modules/hospital-staff/hospital-staff.module.ts	120	POST	/hospital/staff/:id/suspend
backend/src/modules/hospital-staff/hospital-staff.module.ts	121	POST	/hospital/staff/:id/reset-password
backend/src/modules/hospital-staff/hospital-staff.module.ts	122	DELETE	/hospital/staff/:id
backend/src/modules/hospital/controllers/hospital.controller.ts	10	POST	/hospital/branches
backend/src/modules/hospital/controllers/hospital.controller.ts	15	GET	/hospital/branches
backend/src/modules/hospital/controllers/hospital.controller.ts	20	POST	/hospital/departments
backend/src/modules/hospital/controllers/hospital.controller.ts	25	GET	/hospital/departments
backend/src/modules/hospital/controllers/hospital.controller.ts	30	POST	/hospital/staff
backend/src/modules/hospital/controllers/hospital.controller.ts	35	GET	/hospital/staff
backend/src/modules/hospital/controllers/hospital.controller.ts	40	POST	/hospital/doctors/onboard
backend/src/modules/hospital/controllers/hospital.controller.ts	45	GET	/hospital/appointments
backend/src/modules/hospital/controllers/hospital.controller.ts	53	PUT	/hospital/appointments/:id/status
backend/src/modules/hospital/controllers/hospital.controller.ts	58	GET	/hospital/wallet
backend/src/modules/i18n/i18n.controller.ts	13	GET	/i18n
backend/src/modules/i18n/i18n.controller.ts	19	GET	/i18n/all
backend/src/modules/insurance/insurance.controller.ts	11	GET	/insurance/active
backend/src/modules/insurance/insurance.module.ts	187	GET	/insurance/companies
backend/src/modules/insurance/insurance.module.ts	192	POST	/insurance/companies
backend/src/modules/insurance/insurance.module.ts	199	GET	/insurance/companies/:companyId/networks
backend/src/modules/insurance/insurance.module.ts	204	POST	/insurance/companies/:companyId/networks
backend/src/modules/insurance/insurance.module.ts	211	GET	/insurance/networks/:networkId/rules
backend/src/modules/insurance/insurance.module.ts	216	POST	/insurance/networks/:networkId/rules
backend/src/modules/insurance/insurance.module.ts	222	GET	/insurance/coverage-check
backend/src/modules/insurance/insurance.module.ts	239	POST	/insurance/ocr-extract
backend/src/modules/insurance/insurance.module.ts	244	POST	/insurance/upload-policy
backend/src/modules/insurance/insurance.module.ts	249	POST	/insurance/nphies/eligibility
backend/src/modules/insurance/insurance.module.ts	254	POST	/insurance/save-policy
backend/src/modules/insurance/insurance.module.ts	259	POST	/insurance/claims/submit
backend/src/modules/insurance/insurance.module.ts	264	GET	/insurance/claims
backend/src/modules/labs/controllers/labs-engine.controller.ts	14	GET	/labs/bookings/queue
backend/src/modules/labs/controllers/labs-engine.controller.ts	23	POST	/labs/bookings/:id/respond
backend/src/modules/labs/controllers/labs-engine.controller.ts	42	POST	/labs/bookings/collect-sample/:id
backend/src/modules/labs/controllers/labs-engine.controller.ts	70	POST	/labs/bookings/finalize-test/:id
backend/src/modules/labs/controllers/labs-engine.controller.ts	100	GET	/labs/bookings/catalog
backend/src/modules/labs/controllers/labs-engine.controller.ts	106	POST	/labs/bookings/catalog
backend/src/modules/labs/controllers/labs-engine.controller.ts	121	GET	/labs/bookings/wallet
backend/src/modules/labs/lab-results.controller.ts	11	POST	/lab-results
backend/src/modules/labs/lab-results.controller.ts	12	GET	/lab-results/mine
backend/src/modules/labs/lab-results.controller.ts	13	GET	/lab-results/by-booking/:bid
backend/src/modules/labs/lab-results.controller.ts	14	GET	/lab-results/:id
backend/src/modules/labs/labs.controller.ts	9	GET	/labs/services
backend/src/modules/labs/labs.controller.ts	29	GET	/labs/packages
backend/src/modules/labs/labs.controller.ts	32	GET	/labs/categories
backend/src/modules/labs/labs.controller.ts	35	GET	/labs/services/:id
backend/src/modules/labs/labs.controller.ts	38	POST	/labs/bookings
backend/src/modules/labs/labs.controller.ts	41	GET	/labs/bookings/mine
backend/src/modules/labs/labs.controller.ts	44	GET	/labs/bookings/:id
backend/src/modules/labs/labs.controller.ts	47	POST	/labs/bookings/:id/cancel
backend/src/modules/labs/labs.controller.ts	50	PATCH	/labs/bookings/:id/state
backend/src/modules/labs/labs.controller.ts	55	POST	/labs/bookings/:id/documents
backend/src/modules/labs/labs.controller.ts	60	PATCH	/labs/bookings/:id/insurance
backend/src/modules/labs/labs.controller.ts	65	PATCH	/labs/bookings/:id/items/:serviceId/opt-in-cash
backend/src/modules/labs/labs.controller.ts	70	GET	/labs/provider/inbox
backend/src/modules/labs/labs.controller.ts	75	POST	/labs/bookings/:id/assign-technician
backend/src/modules/labs/labs.controller.ts	80	POST	/labs/bookings/:id/upload-report
backend/src/modules/labs/labs.controller.ts	86	PATCH	/labs/bookings/:id/reschedule
backend/src/modules/labs/labs.controller.ts	91	POST	/labs/bookings/:id/gps
backend/src/modules/labs/labs.controller.ts	96	GET	/labs/bookings/:id/tracking
backend/src/modules/labs/labs.controller.ts	101	POST	/labs/bookings/:id/emergency
backend/src/modules/labs/labs.controller.ts	106	GET	/labs/admin/all
backend/src/modules/labs/labs.controller.ts	119	POST	/labs/samples/register
backend/src/modules/labs/labs.controller.ts	125	PATCH	/labs/samples/:id/stage
backend/src/modules/labs/labs.controller.ts	131	GET	/labs/samples
backend/src/modules/labs/labs.controller.ts	138	POST	/labs/admin/catalog
backend/src/modules/labs/labs.controller.ts	144	PUT	/labs/admin/catalog/:id
backend/src/modules/labs/labs.controller.ts	150	DELETE	/labs/admin/catalog/:id
backend/src/modules/labs/labs.controller.ts	157	PATCH	/labs/admin/bookings/:id/force-state
backend/src/modules/labs/labs.controller.ts	163	GET	/labs/packages/:id
backend/src/modules/labs/labs.controller.ts	168	GET	/labs/compatible-providers
backend/src/modules/legacy/legacy.module.ts	88	GET	/legacy/report
backend/src/modules/legacy/legacy.module.ts	89	GET	/legacy/usage-map
backend/src/modules/livekit/livekit.controller.ts	12	GET	/calls/provider/waiting-room
backend/src/modules/livekit/livekit.controller.ts	17	POST	/calls/provider/ping-patient
backend/src/modules/livekit/livekit.controller.ts	22	POST	/calls/provider/no-show
backend/src/modules/livekit/livekit.controller.ts	30	POST	/calls/webhook
backend/src/modules/livekit/livekit.controller.ts	36	POST	/calls/initiate
backend/src/modules/livekit/livekit.controller.ts	45	POST	/calls/:sessionId/join
backend/src/modules/livekit/livekit.controller.ts	50	POST	/calls/:sessionId/end
backend/src/modules/livekit/livekit.controller.ts	55	POST	/calls/:sessionId/reject
backend/src/modules/livekit/livekit.controller.ts	60	POST	/calls/:sessionId/metrics
backend/src/modules/livekit/livekit.controller.ts	69	GET	/calls/history
backend/src/modules/livekit/livekit.controller.ts	74	GET	/calls/sessions/:sessionId
backend/src/modules/livekit/livekit.controller.ts	79	GET	/calls/admin/rooms
backend/src/modules/livekit/livekit.controller.ts	84	GET	/calls/admin/analytics
backend/src/modules/livekit/livekit.controller.ts	89	GET	/calls/admin/rooms/:roomName/participants
backend/src/modules/livekit/livekit.controller.ts	94	POST	/calls/admin/rooms/:roomName/mute/:participantId
backend/src/modules/livekit/livekit.controller.ts	103	POST	/calls/admin/rooms/:roomName/remove/:participantId
backend/src/modules/loyalty/loyalty.controller.ts	13	GET	/loyalty/config
backend/src/modules/loyalty/loyalty.controller.ts	22	GET	/loyalty/account
backend/src/modules/loyalty/loyalty.controller.ts	28	GET	/loyalty/transactions
backend/src/modules/loyalty/loyalty.controller.ts	34	GET	/loyalty/leaderboard
backend/src/modules/loyalty/loyalty.controller.ts	40	GET	/loyalty/challenges
backend/src/modules/loyalty/loyalty.controller.ts	46	GET	/loyalty/rewards
backend/src/modules/loyalty/loyalty.controller.ts	52	POST	/loyalty/rewards/:id/claim
backend/src/modules/loyalty/loyalty.controller.ts	58	GET	/loyalty/rewards/claimed
backend/src/modules/maternity/maternity.controller.ts	12	GET	/maternity/profile
backend/src/modules/maternity/maternity.controller.ts	18	GET	/maternity/content
backend/src/modules/maternity/maternity.controller.ts	24	POST	/maternity/profile
backend/src/modules/maternity/maternity.controller.ts	31	POST	/maternity/kicks
backend/src/modules/maternity/maternity.controller.ts	38	POST	/maternity/contractions
backend/src/modules/maternity/maternity.controller.ts	45	PUT	/maternity/checkups/:week/toggle
backend/src/modules/maternity/maternity.controller.ts	52	POST	/maternity/infant-growth
backend/src/modules/media/media.controller.ts	16	POST	/media/upload
backend/src/modules/media/media.controller.ts	46	POST	/media/presigned
backend/src/modules/media/media.controller.ts	124	DELETE	/media/:key(*)
backend/src/modules/medical-profile/medical-profile.controller.ts	12	GET	/medical-profile
backend/src/modules/medical-profile/medical-profile.controller.ts	13	PATCH	/medical-profile
backend/src/modules/medical-profile/medical-profile.controller.ts	15	POST	/medical-profile/chronic-diseases
backend/src/modules/medical-profile/medical-profile.controller.ts	16	DELETE	/medical-profile/chronic-diseases/:id
backend/src/modules/medical-profile/medical-profile.controller.ts	18	POST	/medical-profile/allergies
backend/src/modules/medical-profile/medical-profile.controller.ts	19	DELETE	/medical-profile/allergies/:id
backend/src/modules/medical-profile/medical-profile.controller.ts	21	POST	/medical-profile/surgeries
backend/src/modules/medical-profile/medical-profile.controller.ts	22	DELETE	/medical-profile/surgeries/:id
backend/src/modules/medical-profile/medical-profile.controller.ts	24	POST	/medical-profile/long-term-medications
backend/src/modules/medical-profile/medical-profile.controller.ts	25	DELETE	/medical-profile/long-term-medications/:id
backend/src/modules/medical-profile/medical-profile.controller.ts	28	GET	/medical-profile/provider/:patientId
backend/src/modules/medical-reports/medical-reports.controller.ts	12	GET	/medical-reports/mine
backend/src/modules/medical-reports/medical-reports.controller.ts	17	GET	/medical-reports/track/:trackingId
backend/src/modules/medical-reports/medical-reports.controller.ts	22	GET	/medical-reports/:id
backend/src/modules/medical-reports/medical-reports.controller.ts	25	POST	/medical-reports
backend/src/modules/medicines/medicines.controller.ts	12	GET	/medicines
backend/src/modules/medicines/medicines.controller.ts	18	GET	/medicines/autocomplete
backend/src/modules/medicines/medicines.controller.ts	24	POST	/medicines/lookup-barcode
backend/src/modules/medicines/medicines.controller.ts	30	GET	/medicines/by-barcode/:code
backend/src/modules/medicines/medicines.controller.ts	36	GET	/medicines/categories
backend/src/modules/medicines/medicines.controller.ts	42	GET	/medicines/filters
backend/src/modules/medicines/medicines.controller.ts	48	POST	/medicines/compare
backend/src/modules/medicines/medicines.controller.ts	54	GET	/medicines/:id
backend/src/modules/medicines/medicines.controller.ts	60	GET	/medicines/:id/details
backend/src/modules/medicines/medicines.controller.ts	66	GET	/medicines/:id/alternatives
backend/src/modules/medicines/medicines.controller.ts	71	POST	/medicines/manual-entry
backend/src/modules/medicines/medicines.controller.ts	76	GET	/medicines/admin/pending-review
backend/src/modules/medicines/medicines.controller.ts	82	POST	/medicines/admin/catalog
backend/src/modules/medicines/medicines.controller.ts	88	DELETE	/medicines/admin/catalog/:id
backend/src/modules/medicines/medicines.controller.ts	94	POST	/medicines/:id/approve
backend/src/modules/medicines/medicines.controller.ts	100	POST	/medicines/:id/reject
backend/src/modules/medicines/medicines.controller.ts	106	PATCH	/medicines/:id
backend/src/modules/medicines/medicines.controller.ts	113	POST	/medicines/admin/import-json
backend/src/modules/medicines/medicines.controller.ts	119	POST	/medicines/admin/import-csv
backend/src/modules/mental-health/mental-health.controller.ts	25	POST	/mental-health/mood
backend/src/modules/mental-health/mental-health.controller.ts	33	GET	/mental-health/mood
backend/src/modules/mental-health/mental-health.controller.ts	44	GET	/mental-health/mood/stats
backend/src/modules/mental-health/mental-health.controller.ts	54	POST	/mental-health/meditation
backend/src/modules/mental-health/mental-health.controller.ts	62	GET	/mental-health/meditation
backend/src/modules/mental-health/mental-health.controller.ts	70	GET	/mental-health/meditation/stats
backend/src/modules/mental-health/mental-health.controller.ts	80	POST	/mental-health/breathing
backend/src/modules/mental-health/mental-health.controller.ts	88	GET	/mental-health/breathing
backend/src/modules/mental-health/mental-health.controller.ts	98	POST	/mental-health/assessment
backend/src/modules/mental-health/mental-health.controller.ts	106	GET	/mental-health/assessment
backend/src/modules/mental-health/mental-health.controller.ts	116	GET	/mental-health/crisis-contacts
backend/src/modules/mental-health/mental-health.controller.ts	124	POST	/mental-health/crisis-contacts
backend/src/modules/mental-health/mental-health.controller.ts	132	DELETE	/mental-health/crisis-contacts/:id
backend/src/modules/mental-health/mental-health.controller.ts	142	GET	/mental-health/dashboard
backend/src/modules/moyasar/moyasar.module.ts	287	POST	/moyasar/payments
backend/src/modules/moyasar/moyasar.module.ts	312	GET	/moyasar/payments/booking/:bookingId
backend/src/modules/moyasar/moyasar.module.ts	319	GET	/moyasar/payments/me
backend/src/modules/moyasar/moyasar.module.ts	326	GET	/moyasar/payments/sync/:moyasarId
backend/src/modules/moyasar/moyasar.module.ts	333	POST	/moyasar/payments/:moyasarId/refund
backend/src/modules/moyasar/moyasar.module.ts	344	POST	/moyasar/webhook
backend/src/modules/moyasar/moyasar.module.ts	357	GET	/moyasar/callback
backend/src/modules/nabd-extensions/nabd-extensions.controller.ts	16	PATCH	/notifications/:id/read
backend/src/modules/nabd-extensions/nabd-extensions.controller.ts	24	GET	/wallet/balance
backend/src/modules/nabd-extensions/nabd-extensions.controller.ts	30	POST	/wallet/credit
backend/src/modules/nabd-extensions/nabd-extensions.controller.ts	43	POST	/wallet/debit
backend/src/modules/nabd-extensions/nabd-extensions.controller.ts	56	POST	/referral/code
backend/src/modules/nabd-extensions/nabd-extensions.controller.ts	62	POST	/referral/claim
backend/src/modules/nabd-extensions/nabd-extensions.controller.ts	69	GET	/config/flags
backend/src/modules/nabd-extensions/nabd-extensions.controller.ts	74	PUT	/admin/config/flags
backend/src/modules/nabd-extensions/nabd-extensions.controller.ts	85	GET	/patients/timeline
backend/src/modules/nabd-extensions/nabd-extensions.controller.ts	90	GET	/patients/passport
backend/src/modules/nabd-extensions/nabd-extensions.controller.ts	95	POST	/medical/programs/enroll
backend/src/modules/nabd-extensions/nabd-extensions.controller.ts	101	GET	/medical/programs/active
backend/src/modules/nabd-extensions/nabd-extensions.controller.ts	106	POST	/medical/programs/complete-session
backend/src/modules/nabd-extensions/nabd-extensions.controller.ts	116	POST	/provider/match/pharmacy
backend/src/modules/nabd-extensions/nabd-extensions.controller.ts	121	POST	/provider/match/nurse
backend/src/modules/nabd-extensions/nabd-extensions.controller.ts	126	GET	/provider/rankings
backend/src/modules/nabd-extensions/nabd-extensions.controller.ts	132	GET	/provider/fraud-alerts
backend/src/modules/nabd-extensions/nabd-extensions.controller.ts	142	POST	/nursing/attendance/verify
backend/src/modules/nabd-extensions/nabd-extensions.controller.ts	147	GET	/nursing/visit/checklist
backend/src/modules/nabd-extensions/nabd-extensions.controller.ts	152	POST	/pharmacy/broadcast/respond
backend/src/modules/nabd-extensions/nabd-extensions.controller.ts	158	GET	/pharmacy/inventory/expiry
backend/src/modules/nabd-extensions/nabd-extensions.controller.ts	163	POST	/labs/samples/barcode-verify
backend/src/modules/nabd-extensions/nabd-extensions.controller.ts	169	POST	/labs/results/verify
backend/src/modules/nabd-extensions/nabd-extensions.controller.ts	178	GET	/admin/analytics/heatmaps
backend/src/modules/nabd-extensions/nabd-extensions.controller.ts	184	POST	/admin/ads/bid
backend/src/modules/nabd-extensions/nabd-extensions.controller.ts	190	POST	/corporate/enroll
backend/src/modules/notifications/notifications.controller.ts	11	GET	/notifications
backend/src/modules/notifications/notifications.controller.ts	16	POST	/notifications/:id/read
backend/src/modules/notifications/notifications.controller.ts	21	POST	/notifications/read-all
backend/src/modules/notifications/notifications.controller.ts	26	POST	/notifications/admin/send
backend/src/modules/nutrition/nutrition.controller.ts	17	GET	/nutrition/profile
backend/src/modules/nutrition/nutrition.controller.ts	25	POST	/nutrition/profile
backend/src/modules/nutrition/nutrition.controller.ts	35	POST	/nutrition/meals
backend/src/modules/nutrition/nutrition.controller.ts	43	GET	/nutrition/meals
backend/src/modules/nutrition/nutrition.controller.ts	53	GET	/nutrition/daily-summary
backend/src/modules/nutrition/nutrition.controller.ts	63	POST	/nutrition/water
backend/src/modules/nutrition/nutrition.controller.ts	71	GET	/nutrition/water
backend/src/modules/nutrition/nutrition.controller.ts	81	POST	/nutrition/exercise
backend/src/modules/nutrition/nutrition.controller.ts	89	GET	/nutrition/exercise
backend/src/modules/nutrition/nutrition.controller.ts	99	GET	/nutrition/weekly-report
backend/src/modules/operations-safety/operations-safety.module.ts	142	GET	/ops/sla
backend/src/modules/operations-safety/operations-safety.module.ts	143	POST	/ops/escalate
backend/src/modules/operations-safety/operations-safety.module.ts	144	POST	/ops/penalty/assess
backend/src/modules/operations-safety/operations-safety.module.ts	145	POST	/ops/fallback
backend/src/modules/operations-safety/operations-safety.module.ts	146	GET	/ops/penalties
backend/src/modules/orders/orders.controller.ts	13	POST	/orders/create
backend/src/modules/orders/orders.controller.ts	19	GET	/orders/mine
backend/src/modules/orders/orders.controller.ts	24	POST	/orders/:id/reorder
backend/src/modules/orders/orders.controller.ts	29	POST	/orders/:id/reorder-partial
backend/src/modules/orders/orders.controller.ts	34	POST	/orders/:id/cancel
backend/src/modules/orders/orders.controller.ts	40	POST	/orders/:id/approve-basket
backend/src/modules/orders/orders.controller.ts	44	POST	/orders/:id/reject-basket
backend/src/modules/orders/orders.controller.ts	49	GET	/orders/:id
backend/src/modules/orders/orders.controller.ts	54	GET	/orders/:id/report.pdf
backend/src/modules/orders/orders.controller.ts	66	GET	/orders/:id/tracking
backend/src/modules/orders/orders.controller.ts	71	PATCH	/orders/:id/items/:itemId/opt-in-cash
backend/src/modules/orders/orders.controller.ts	78	GET	/orders/pharmacy/queue
backend/src/modules/orders/orders.controller.ts	84	PATCH	/orders/:id/insurance-approval
backend/src/modules/orders/orders.controller.ts	90	POST	/orders/:id/accept
backend/src/modules/orders/orders.controller.ts	96	POST	/orders/:id/reject
backend/src/modules/orders/orders.controller.ts	102	POST	/orders/:id/preparing
backend/src/modules/orders/orders.controller.ts	108	POST	/orders/:id/ready
backend/src/modules/orders/orders.controller.ts	114	POST	/orders/:id/partial
backend/src/modules/orders/orders.controller.ts	121	POST	/orders/:id/assign-delivery
backend/src/modules/orders/orders.controller.ts	127	POST	/orders/:id/delivery/update
backend/src/modules/orders/orders.controller.ts	133	POST	/orders/:id/dispatch
backend/src/modules/orders/orders.controller.ts	139	POST	/orders/:id/delivered
backend/src/modules/orders/orders.controller.ts	146	GET	/orders
backend/src/modules/orders/orders.controller.ts	152	GET	/orders/admin/escalated
backend/src/modules/orders/orders.controller.ts	158	POST	/orders/:id/admin/transition
backend/src/modules/orders/orders.controller.ts	164	POST	/orders/bids/place
backend/src/modules/orders/orders.controller.ts	170	POST	/orders/bids/:id/accept
backend/src/modules/orders/orders.controller.ts	175	GET	/orders/bids/request/:id
backend/src/modules/orders/orders.controller.ts	180	GET	/orders/bids/pharmacy/mine
backend/src/modules/patient-ux/patient-ux.module.ts	147	POST	/patient-ux/review
backend/src/modules/patient-ux/patient-ux.module.ts	148	POST	/patient-ux/refund
backend/src/modules/patient-ux/patient-ux.module.ts	149	GET	/patient-ux/refund/mine
backend/src/modules/patient-ux/patient-ux.module.ts	150	POST	/patient-ux/rebook
backend/src/modules/patient-ux/patient-ux.module.ts	159	GET	/patient-ux
backend/src/modules/patient-ux/patient-ux.module.ts	160	GET	/patient-ux/pending
backend/src/modules/patient-ux/patient-ux.module.ts	161	POST	/patient-ux/:id/decide
backend/src/modules/patient-ux/patient-ux.module.ts	276	POST	/patient-ux/cancel
backend/src/modules/patient-ux/patient-ux.module.ts	281	POST	/patient-ux/transition
backend/src/modules/patient-ux/patient-ux.module.ts	286	POST	/patient-ux/payment
backend/src/modules/payments/payments.module.ts	246	POST	/payments/intent/:type/:id
backend/src/modules/payments/payments.module.ts	247	POST	/payments/verify/:txn
backend/src/modules/payments/payments.module.ts	248	POST	/payments/retry/:type/:id
backend/src/modules/payments/payments.module.ts	249	POST	/payments/refund/:txn
backend/src/modules/payments/payments.module.ts	250	GET	/payments/booking/:type/:id
backend/src/modules/payments/payments.module.ts	257	POST	/payments/:provider
backend/src/modules/payments/payments.webhook.controller.ts	12	POST	/webhooks/moyasar
backend/src/modules/payments/paymob.controller.ts	14	GET	/payments/paymob/methods
backend/src/modules/payments/paymob.controller.ts	19	POST	/payments/paymob/initiate
backend/src/modules/payments/paymob.controller.ts	24	POST	/payments/paymob/verify
backend/src/modules/pharmacy/controllers/admin-procurement.controller.ts	24	GET	/admin/procurement
backend/src/modules/pharmacy/controllers/admin-procurement.controller.ts	30	GET	/admin/procurement/:id
backend/src/modules/pharmacy/controllers/admin-procurement.controller.ts	36	PATCH	/admin/procurement/:id/review
backend/src/modules/pharmacy/controllers/admin-procurement.controller.ts	42	POST	/admin/procurement/:id/quotation
backend/src/modules/pharmacy/controllers/admin-procurement.controller.ts	53	GET	/admin/procurement/:id/quotation
backend/src/modules/pharmacy/controllers/admin-procurement.controller.ts	59	PATCH	/admin/procurement/:id/cancel
backend/src/modules/pharmacy/controllers/admin-procurement.controller.ts	65	PATCH	/admin/procurement/:id/complete
backend/src/modules/pharmacy/controllers/procurement.controller.ts	10	POST	/pharmacy/procurement/submit-request
backend/src/modules/pharmacy/controllers/procurement.controller.ts	23	GET	/pharmacy/procurement/my-requests/:pharmacyId
backend/src/modules/pharmacy/patient-pharmacy.controller.ts	10	GET	/patient/pharmacy/shortage-flags/lookup
backend/src/modules/pharmacy/pharmacy.controllers.ts	23	POST	/patient/pharmacy/orders
backend/src/modules/pharmacy/pharmacy.controllers.ts	24	GET	/patient/pharmacy/orders
backend/src/modules/pharmacy/pharmacy.controllers.ts	25	GET	/patient/pharmacy/orders/:id
backend/src/modules/pharmacy/pharmacy.controllers.ts	26	PATCH	/patient/pharmacy/orders/:id
backend/src/modules/pharmacy/pharmacy.controllers.ts	27	POST	/patient/pharmacy/orders/:id/submit
backend/src/modules/pharmacy/pharmacy.controllers.ts	28	POST	/patient/pharmacy/orders/:id/cancel
backend/src/modules/pharmacy/pharmacy.controllers.ts	44	GET	/patient/pharmacy/orders/incoming
backend/src/modules/pharmacy/pharmacy.controllers.ts	49	GET	/patient/pharmacy/allocations
backend/src/modules/pharmacy/pharmacy.controllers.ts	53	GET	/patient/pharmacy/allocations/:id
backend/src/modules/pharmacy/pharmacy.controllers.ts	57	POST	/patient/pharmacy/allocations/:id/items/:itemId
backend/src/modules/pharmacy/pharmacy.controllers.ts	60	POST	/patient/pharmacy/allocations/:id/confirm
backend/src/modules/pharmacy/pharmacy.controllers.ts	61	POST	/patient/pharmacy/allocations/:id/preparing
backend/src/modules/pharmacy/pharmacy.controllers.ts	62	POST	/patient/pharmacy/allocations/:id/ready
backend/src/modules/pharmacy/pharmacy.controllers.ts	63	POST	/patient/pharmacy/allocations/:id/out-for-delivery
backend/src/modules/pharmacy/pharmacy.controllers.ts	64	POST	/patient/pharmacy/allocations/:id/delivered
backend/src/modules/pharmacy/pharmacy.controllers.ts	65	POST	/patient/pharmacy/allocations/:id/insurance
backend/src/modules/pharmacy/pharmacy.controllers.ts	66	POST	/patient/pharmacy/allocations/:id/cancel
backend/src/modules/pharmacy/pharmacy.controllers.ts	71	POST	/patient/pharmacy/orders/:id/accept
backend/src/modules/pharmacy/pharmacy.controllers.ts	76	POST	/patient/pharmacy/orders/:id/reject
backend/src/modules/pharmacy/pharmacy.controllers.ts	81	POST	/patient/pharmacy/orders/:id/submit-basket
backend/src/modules/pharmacy/pharmacy.controllers.ts	86	POST	/patient/pharmacy/orders/:id/insurance
backend/src/modules/pharmacy/pharmacy.controllers.ts	91	POST	/patient/pharmacy/orders/:id/preparing
backend/src/modules/pharmacy/pharmacy.controllers.ts	96	POST	/patient/pharmacy/orders/:id/ready
backend/src/modules/pharmacy/pharmacy.controllers.ts	101	POST	/patient/pharmacy/orders/:id/dispatch
backend/src/modules/pharmacy/pharmacy.controllers.ts	114	GET	/patient/pharmacy/search
backend/src/modules/pharmacy/pharmacy.controllers.ts	115	POST	/patient/pharmacy/:id/restock
backend/src/modules/pharmacy/pharmacy.controllers.ts	116	GET	/patient/pharmacy/low-stock-alerts
backend/src/modules/pharmacy/pharmacy.controllers.ts	117	POST	/patient/pharmacy/low-stock-alerts/:id/ack
backend/src/modules/pharmacy/pharmacy.controllers.ts	132	POST	/patient/pharmacy/split/:orderId
backend/src/modules/pharmacy/pharmacy.controllers.ts	137	POST	/patient/pharmacy/expire-stale-allocations
backend/src/modules/pharmacy/pharmacy.controllers.ts	147	GET	/patient/pharmacy
backend/src/modules/pharmacy/pharmacy.controllers.ts	148	GET	/patient/pharmacy/:id
backend/src/modules/pharmacy/pharmacy.controllers.ts	149	POST	/patient/pharmacy/:orderId/i-have-all
backend/src/modules/pharmacy/pharmacy.controllers.ts	150	POST	/patient/pharmacy/:orderId/i-have-partial
backend/src/modules/pharmacy/pharmacy.controllers.ts	151	POST	/patient/pharmacy/:orderId/reject
backend/src/modules/pharmacy/pharmacy.controllers.ts	159	POST	/patient/pharmacy/:orderId/advance
backend/src/modules/pharmacy/pharmacy.controllers.ts	160	POST	/patient/pharmacy/:orderId/fallback-split
backend/src/modules/pharmacy/pharmacy.controllers.ts	161	POST	/patient/pharmacy/expire-stale
backend/src/modules/pharmacy/pharmacy.controllers.ts	168	GET	/patient/pharmacy/threads
backend/src/modules/pharmacy/pharmacy.controllers.ts	169	GET	/patient/pharmacy/threads/:id/messages
backend/src/modules/pharmacy/pharmacy.controllers.ts	170	POST	/patient/pharmacy/threads/:id/messages
backend/src/modules/pharmacy/pharmacy.controllers.ts	171	POST	/patient/pharmacy/threads/:id/accept-substitute/:msgId
backend/src/modules/pharmacy/pharmacy.controllers.ts	172	POST	/patient/pharmacy/threads/:id/reject
backend/src/modules/pharmacy/pharmacy.controllers.ts	173	POST	/patient/pharmacy/threads/:id/remove-item
backend/src/modules/pharmacy/pharmacy.controllers.ts	181	POST	/patient/pharmacy/sweep-auto-close
backend/src/modules/pharmacy/pharmacy.controllers.ts	188	POST	/patient/pharmacy
backend/src/modules/pharmacy/pharmacy.controllers.ts	189	GET	/patient/pharmacy
backend/src/modules/pharmacy/pharmacy.controllers.ts	197	POST	/patient/pharmacy
backend/src/modules/pharmacy/pharmacy.controllers.ts	198	GET	/patient/pharmacy
backend/src/modules/pharmacy/pharmacy.controllers.ts	199	GET	/patient/pharmacy/dashboard
backend/src/modules/pharmacy/pharmacy.controllers.ts	200	POST	/patient/pharmacy/:id/mark
backend/src/modules/pharmacy/pharmacy.controllers.ts	201	POST	/patient/pharmacy/:id/approve
backend/src/modules/pharmacy/pharmacy.controllers.ts	202	POST	/patient/pharmacy/:id/reject
backend/src/modules/pharmacy/pharmacy.controllers.ts	203	POST	/patient/pharmacy/:id/resolve
backend/src/modules/pharmacy/pharmacy.controllers.ts	211	GET	/patient/pharmacy/lookup
backend/src/modules/pharmacy/pharmacy.controllers.ts	220	POST	/patient/pharmacy/voice-to-order
backend/src/modules/pharmacy/pharmacy.controllers.ts	227	POST	/patient/pharmacy/prescription-ocr
backend/src/modules/pharmacy_ops/pharmacy_ops.controller.ts	14	GET	/pharmacy/orders/incoming
backend/src/modules/pharmacy_ops/pharmacy_ops.controller.ts	15	GET	/pharmacy/orders/preparing
backend/src/modules/pharmacy_ops/pharmacy_ops.controller.ts	16	GET	/pharmacy/orders/ready
backend/src/modules/pharmacy_ops/pharmacy_ops.controller.ts	17	GET	/pharmacy/orders/completed
backend/src/modules/pharmacy_ops/pharmacy_ops.controller.ts	18	GET	/pharmacy/orders/basket-review
backend/src/modules/pharmacy_ops/pharmacy_ops.controller.ts	19	GET	/pharmacy/orders/awaiting-approval
backend/src/modules/pharmacy_ops/pharmacy_ops.controller.ts	22	POST	/pharmacy/orders/:id/accept
backend/src/modules/pharmacy_ops/pharmacy_ops.controller.ts	23	POST	/pharmacy/orders/:id/reject
backend/src/modules/pharmacy_ops/pharmacy_ops.controller.ts	24	POST	/pharmacy/orders/:id/preparing
backend/src/modules/pharmacy_ops/pharmacy_ops.controller.ts	25	POST	/pharmacy/orders/:id/ready
backend/src/modules/pharmacy_ops/pharmacy_ops.controller.ts	26	POST	/pharmacy/orders/:id/partial
backend/src/modules/pharmacy_ops/pharmacy_ops.controller.ts	29	GET	/pharmacy/inventory
backend/src/modules/pharmacy_ops/pharmacy_ops.controller.ts	30	POST	/pharmacy/inventory/stock
backend/src/modules/pharmacy_ops/pharmacy_ops.controller.ts	31	POST	/pharmacy/inventory/add
backend/src/modules/pharmacy_ops/pharmacy_ops.controller.ts	34	GET	/pharmacy/orders/:id
backend/src/modules/pharmacy_ops/pharmacy_ops.controller.ts	35	POST	/pharmacy/orders/:id/items/:idx/unavailable
backend/src/modules/pharmacy_ops/pharmacy_ops.controller.ts	36	POST	/pharmacy/orders/:id/items/:idx/restore
backend/src/modules/pharmacy_ops/pharmacy_ops.controller.ts	37	POST	/pharmacy/orders/:id/items/:idx/qty
backend/src/modules/pharmacy_ops/pharmacy_ops.controller.ts	38	POST	/pharmacy/orders/:id/items/:idx/substitute
backend/src/modules/pharmacy_ops/pharmacy_ops.controller.ts	41	POST	/pharmacy/orders/:id/submit-basket
backend/src/modules/pharmacy_ops/pharmacy_ops.controller.ts	44	POST	/pharmacy/orders/:id/insurance
backend/src/modules/pharmacy_ops/pharmacy_ops.controller.ts	55	GET	/pharmacy/medicines/barcode/:barcode
backend/src/modules/prescriptions/prescriptions.controller.ts	11	POST	/prescriptions/create
backend/src/modules/prescriptions/prescriptions.controller.ts	17	POST	/prescriptions/upload
backend/src/modules/prescriptions/prescriptions.controller.ts	22	POST	/prescriptions/manual-entry
backend/src/modules/prescriptions/prescriptions.controller.ts	28	POST	/prescriptions/:id/send
backend/src/modules/prescriptions/prescriptions.controller.ts	34	POST	/prescriptions/:id/transition
backend/src/modules/prescriptions/prescriptions.controller.ts	39	POST	/prescriptions/:id/substitute
backend/src/modules/prescriptions/prescriptions.controller.ts	45	GET	/prescriptions/mine
backend/src/modules/prescriptions/prescriptions.controller.ts	50	GET	/prescriptions/doctor/mine
backend/src/modules/prescriptions/prescriptions.controller.ts	56	GET	/prescriptions/pharmacy/queue
backend/src/modules/prescriptions/prescriptions.controller.ts	62	GET	/prescriptions/:id
backend/src/modules/provider-jobs/provider-jobs.module.ts	275	GET	/provider/jobs/queue
backend/src/modules/provider-jobs/provider-jobs.module.ts	276	GET	/provider/jobs/my-capabilities
backend/src/modules/provider-jobs/provider-jobs.module.ts	280	POST	/provider/jobs/:type/:id/accept
backend/src/modules/provider-jobs/provider-jobs.module.ts	281	POST	/provider/jobs/:type/:id/reject
backend/src/modules/provider-jobs/provider-jobs.module.ts	282	POST	/provider/jobs/:type/:id/start
backend/src/modules/provider-jobs/provider-jobs.module.ts	283	POST	/provider/jobs/:type/:id/complete
backend/src/modules/provider-jobs/provider-jobs.module.ts	284	POST	/provider/jobs/:type/:id/insurance
backend/src/modules/provider-onboarding/provider-onboarding.module.ts	215	POST	/provider-onboarding/start
backend/src/modules/provider-onboarding/provider-onboarding.module.ts	218	POST	/provider-onboarding/step2
backend/src/modules/provider-onboarding/provider-onboarding.module.ts	221	POST	/provider-onboarding/step3
backend/src/modules/provider-onboarding/provider-onboarding.module.ts	224	POST	/provider-onboarding/submit
backend/src/modules/provider-onboarding/provider-onboarding.module.ts	227	GET	/provider-onboarding/progress
backend/src/modules/provider-onboarding/provider-onboarding.module.ts	235	GET	/provider-onboarding/providers
backend/src/modules/provider-ops/provider-ops.module.ts	55	GET	/provider/ops/availability
backend/src/modules/provider-ops/provider-ops.module.ts	56	POST	/provider/ops/availability
backend/src/modules/provider-ops/provider-ops.module.ts	57	POST	/provider/ops/availability/toggle-instant
backend/src/modules/provider/leave-requests.controller.ts	6	GET	/provider/leave-requests
backend/src/modules/provider/leave-requests.controller.ts	12	POST	/provider/leave-requests/action
backend/src/modules/provider/provider.controllers.ts	26	POST	/provider/auth/register
backend/src/modules/provider/provider.controllers.ts	28	POST	/provider/auth/login
backend/src/modules/provider/provider.controllers.ts	30	POST	/provider/auth/refresh
backend/src/modules/provider/provider.controllers.ts	32	POST	/provider/auth/logout
backend/src/modules/provider/provider.controllers.ts	34	POST	/provider/auth/send-otp
backend/src/modules/provider/provider.controllers.ts	39	POST	/provider/auth/verify-email
backend/src/modules/provider/provider.controllers.ts	41	POST	/provider/auth/forgot-password
backend/src/modules/provider/provider.controllers.ts	43	POST	/provider/auth/reset-password
backend/src/modules/provider/provider.controllers.ts	45	GET	/provider/auth/me
backend/src/modules/provider/provider.controllers.ts	55	GET	/provider/auth/profile
backend/src/modules/provider/provider.controllers.ts	56	PATCH	/provider/auth/profile
backend/src/modules/provider/provider.controllers.ts	57	POST	/provider/auth/profile/phones
backend/src/modules/provider/provider.controllers.ts	58	DELETE	/provider/auth/profile/phones/:phone_id
backend/src/modules/provider/provider.controllers.ts	60	POST	/provider/auth/kyc/documents
backend/src/modules/provider/provider.controllers.ts	61	GET	/provider/auth/kyc/documents
backend/src/modules/provider/provider.controllers.ts	63	GET	/provider/auth/directory
backend/src/modules/provider/provider.controllers.ts	65	POST	/provider/auth/bank-account
backend/src/modules/provider/provider.controllers.ts	66	GET	/provider/auth/bank-account
backend/src/modules/provider/provider.controllers.ts	67	GET	/provider/auth/banks
backend/src/modules/provider/provider.controllers.ts	69	POST	/provider/auth/profile/image/upload
backend/src/modules/provider/provider.controllers.ts	80	GET	/provider/auth/profile/image/status
backend/src/modules/provider/provider.controllers.ts	85	POST	/provider/auth/onboarding/submit
backend/src/modules/provider/provider.controllers.ts	87	POST	/provider/auth/settings/delta
backend/src/modules/provider/provider.controllers.ts	96	GET	/provider/auth
backend/src/modules/provider/provider.controllers.ts	97	POST	/provider/auth/invite
backend/src/modules/provider/provider.controllers.ts	98	POST	/provider/auth/accept-invite
backend/src/modules/provider/provider.controllers.ts	99	PATCH	/provider/auth/:id
backend/src/modules/provider/provider.controllers.ts	100	POST	/provider/auth/:id/disable
backend/src/modules/provider/provider.controllers.ts	101	POST	/provider/auth/:id/enable
backend/src/modules/provider/provider.controllers.ts	102	DELETE	/provider/auth/:id
backend/src/modules/provider/provider.controllers.ts	111	GET	/provider/auth
backend/src/modules/provider/provider.controllers.ts	112	GET	/provider/auth/:id
backend/src/modules/provider/provider.controllers.ts	113	POST	/provider/auth/:id/approve
backend/src/modules/provider/provider.controllers.ts	114	POST	/provider/auth/:id/reject
backend/src/modules/provider/provider.controllers.ts	116	POST	/provider/auth/:id/reprocess-image
backend/src/modules/provider/provider.controllers.ts	121	POST	/provider/auth/:id/replace-image
backend/src/modules/provider/provider.controllers.ts	126	POST	/provider/auth/:id/retry-image-jobs
backend/src/modules/provider/provider.controllers.ts	131	GET	/provider/auth/:id/image-logs
backend/src/modules/provider/provider.controllers.ts	135	POST	/provider/auth/:id/request-changes
backend/src/modules/provider/provider.controllers.ts	136	POST	/provider/auth/:id/suspend
backend/src/modules/provider/provider.controllers.ts	152	GET	/provider/auth
backend/src/modules/provider/provider.controllers.ts	153	GET	/provider/auth/:id
backend/src/modules/provider/provider.controllers.ts	154	POST	/provider/auth/:id/accept
backend/src/modules/provider/provider.controllers.ts	155	POST	/provider/auth/:id/reject
backend/src/modules/provider/provider.controllers.ts	156	POST	/provider/auth/:id/start
backend/src/modules/provider/provider.controllers.ts	157	POST	/provider/auth/:id/complete
backend/src/modules/provider/provider.controllers.ts	158	POST	/provider/auth/:id/cancel
backend/src/modules/provider/provider.controllers.ts	159	POST	/provider/auth/:id/assign-staff
backend/src/modules/provider/provider.controllers.ts	161	GET	/provider/auth/:id/orders
backend/src/modules/provider/provider.controllers.ts	171	POST	/provider/auth/:id/end
backend/src/modules/provider/provider.controllers.ts	221	POST	/provider/auth/:id/insurance-copay
backend/src/modules/provider/provider.controllers.ts	232	POST	/provider/auth/:id/sick-leave
backend/src/modules/provider/provider.controllers.ts	238	POST	/provider/auth/:id/medical-report
backend/src/modules/provider/provider.controllers.ts	248	POST	/provider/auth/withdraw
backend/src/modules/provider/provider.controllers.ts	264	GET	/provider/auth
backend/src/modules/provider/provider.controllers.ts	265	POST	/provider/auth/:id/read
backend/src/modules/provider/provider.controllers.ts	266	POST	/provider/auth/read-all
backend/src/modules/provider/provider.controllers.ts	272	GET	/provider/auth
backend/src/modules/provider/provider.controllers.ts	281	GET	/provider/auth/me
backend/src/modules/provider/provider.controllers.ts	282	GET	/provider/auth/dashboard/stats
backend/src/modules/provider/provider.controllers.ts	283	GET	/provider/auth/dashboard/recent
backend/src/modules/provider/provider.controllers.ts	286	GET	/provider/auth/availability
backend/src/modules/provider/provider.controllers.ts	287	POST	/provider/auth/availability
backend/src/modules/provider/provider.controllers.ts	288	POST	/provider/auth/seed
backend/src/modules/provider/provider.controllers.ts	289	POST	/provider/auth/seed/reset
backend/src/modules/provider/provider.controllers.ts	301	GET	/provider/auth/pharmacy
backend/src/modules/provider/provider.controllers.ts	302	POST	/provider/auth/pharmacy
backend/src/modules/provider/provider.controllers.ts	303	DELETE	/provider/auth/pharmacy/:id
backend/src/modules/provider/provider.controllers.ts	305	GET	/provider/auth/lab
backend/src/modules/provider/provider.controllers.ts	306	POST	/provider/auth/lab
backend/src/modules/provider/provider.controllers.ts	307	DELETE	/provider/auth/lab/:id
backend/src/modules/provider/provider.controllers.ts	309	GET	/provider/auth/radiology
backend/src/modules/provider/provider.controllers.ts	310	POST	/provider/auth/radiology
backend/src/modules/provider/provider.controllers.ts	311	DELETE	/provider/auth/radiology/:id
backend/src/modules/provider/provider.controllers.ts	313	GET	/provider/auth/doctor-sessions
backend/src/modules/provider/provider.controllers.ts	314	POST	/provider/auth/doctor-sessions
backend/src/modules/provider/provider.controllers.ts	315	DELETE	/provider/auth/doctor-sessions/:id
backend/src/modules/provider/provider.controllers.ts	317	GET	/provider/auth/home-care
backend/src/modules/provider/provider.controllers.ts	318	POST	/provider/auth/home-care
backend/src/modules/provider/provider.controllers.ts	319	DELETE	/provider/auth/home-care/:id
backend/src/modules/provider/provider.controllers.ts	325	GET	/provider/auth
backend/src/modules/provider/provider.controllers.ts	326	POST	/provider/auth
backend/src/modules/provider/provider.controllers.ts	327	DELETE	/provider/auth/:id
backend/src/modules/provider/provider.controllers.ts	333	GET	/provider/auth
backend/src/modules/provider/provider.controllers.ts	334	POST	/provider/auth
backend/src/modules/provider/provider.controllers.ts	335	DELETE	/provider/auth/:id
backend/src/modules/provider/provider.controllers.ts	341	GET	/provider/auth
backend/src/modules/provider/provider.controllers.ts	342	POST	/provider/auth/recompute
backend/src/modules/provider/provider.controllers.ts	353	GET	/provider/auth/preview/:requestId
backend/src/modules/provider/provider.controllers.ts	357	POST	/provider/auth/preview
backend/src/modules/provider/provider.controllers.ts	361	POST	/provider/auth/dispatch/:requestId
backend/src/modules/provider/provider.controllers.ts	365	POST	/provider/auth/assign/:requestId/:providerId
backend/src/modules/provider/provider.controllers.ts	369	GET	/provider/auth/attempts/:requestId
backend/src/modules/provider/provider.controllers.ts	373	POST	/provider/auth/expire-stale
backend/src/modules/provider/provider.controllers.ts	378	POST	/provider/auth/seed-unassigned
backend/src/modules/providers/controllers/hospital-enterprise.controller.ts	19	POST	/providers/enterprise/provision-sub-provider
backend/src/modules/providers/controllers/hospital-enterprise.controller.ts	49	GET	/providers/enterprise/branch-staff/:hospitalId/:branchId
backend/src/modules/providers/controllers/hospital-enterprise.controller.ts	70	POST	/providers/enterprise/branch-financials/:hospitalId/:branchId
backend/src/modules/providers/providers.controller.ts	13	POST	/providers/apply
backend/src/modules/providers/providers.controller.ts	20	GET	/providers
backend/src/modules/providers/providers.controller.ts	32	GET	/providers/:id
backend/src/modules/providers/providers.controller.ts	38	GET	/providers/me/profile
backend/src/modules/providers/providers.controller.ts	46	POST	/providers/me/delta
backend/src/modules/providers/providers.controller.ts	52	GET	/providers/admin/deltas/pending
backend/src/modules/providers/providers.controller.ts	58	POST	/providers/admin/deltas/:id/approve
backend/src/modules/providers/providers.controller.ts	64	POST	/providers/admin/deltas/:id/reject
backend/src/modules/providers/providers.controller.ts	72	POST	/providers/admin/create
backend/src/modules/providers/providers.controller.ts	78	GET	/providers/admin/all
backend/src/modules/providers/providers.controller.ts	84	GET	/providers/admin/pending
backend/src/modules/providers/providers.controller.ts	90	POST	/providers/:id/approve
backend/src/modules/providers/providers.controller.ts	96	POST	/providers/:id/reject
backend/src/modules/providers/providers.controller.ts	102	POST	/providers/:id/suspend
backend/src/modules/push/push.module.ts	470	POST	/push/register
backend/src/modules/push/push.module.ts	473	POST	/push/unregister
backend/src/modules/push/push.module.ts	476	GET	/push/devices
backend/src/modules/push/push.module.ts	479	POST	/push/admin/campaign
backend/src/modules/radiology/controllers/radiology-provider.controller.ts	16	GET	/radiology/provider/queue
backend/src/modules/radiology/controllers/radiology-provider.controller.ts	32	POST	/radiology/provider/:id/respond
backend/src/modules/radiology/controllers/radiology-provider.controller.ts	53	POST	/radiology/provider/allocate-machine/:id
backend/src/modules/radiology/controllers/radiology-provider.controller.ts	88	POST	/radiology/provider/finalize-scan/:id
backend/src/modules/radiology/controllers/radiology-provider.controller.ts	118	GET	/radiology/provider/wallet
backend/src/modules/radiology/controllers/radiology-provider.controller.ts	154	GET	/radiology/provider/catalog
backend/src/modules/radiology/controllers/radiology-provider.controller.ts	161	POST	/radiology/provider/catalog/:id
backend/src/modules/radiology/controllers/radiology-provider.controller.ts	172	GET	/radiology/provider/inventory
backend/src/modules/radiology/controllers/radiology-provider.controller.ts	179	POST	/radiology/provider/inventory
backend/src/modules/radiology/controllers/radiology.controller.ts	12	POST	/radiology/bookings/allocate-machine/:id
backend/src/modules/radiology/controllers/radiology.controller.ts	42	POST	/radiology/bookings/finalize-scan/:id
backend/src/modules/radiology/radiology.controller.ts	10	GET	/radiology/services
backend/src/modules/radiology/radiology.controller.ts	32	GET	/radiology/modalities
backend/src/modules/radiology/radiology.controller.ts	35	GET	/radiology/services/:id
backend/src/modules/radiology/radiology.controller.ts	38	POST	/radiology/bookings
backend/src/modules/radiology/radiology.controller.ts	41	GET	/radiology/bookings/mine
backend/src/modules/radiology/radiology.controller.ts	44	GET	/radiology/bookings/:id
backend/src/modules/radiology/radiology.controller.ts	47	POST	/radiology/bookings/:id/cancel
backend/src/modules/radiology/radiology.controller.ts	50	PATCH	/radiology/bookings/:id/state
backend/src/modules/radiology/radiology.controller.ts	55	POST	/radiology/bookings/:id/publish-report
backend/src/modules/radiology/radiology.controller.ts	60	GET	/radiology/reports/mine
backend/src/modules/radiology/radiology.controller.ts	63	POST	/radiology/bookings/:id/documents
backend/src/modules/radiology/radiology.controller.ts	68	PATCH	/radiology/bookings/:id/insurance
backend/src/modules/radiology/radiology.controller.ts	73	GET	/radiology/provider/inbox
backend/src/modules/radiology/radiology.controller.ts	78	POST	/radiology/bookings/:id/assign-technician
backend/src/modules/radiology/radiology.controller.ts	83	POST	/radiology/bookings/:id/upload-report
backend/src/modules/radiology/radiology.controller.ts	89	POST	/radiology/bookings/:id/checkin
backend/src/modules/radiology/radiology.controller.ts	94	POST	/radiology/bookings/:id/start-scan
backend/src/modules/radiology/radiology.controller.ts	100	POST	/radiology/bookings/:id/abort
backend/src/modules/radiology/radiology.controller.ts	106	POST	/radiology/bookings/:id/submit-report-for-review
backend/src/modules/radiology/radiology.controller.ts	111	POST	/radiology/bookings/:id/approve-report
backend/src/modules/radiology/radiology.controller.ts	117	POST	/radiology/bookings/:id/insurance-approval
backend/src/modules/radiology/radiology.controller.ts	123	PATCH	/radiology/bookings/:id/reschedule
backend/src/modules/radiology/radiology.controller.ts	129	GET	/radiology/bookings/:id/tracking
backend/src/modules/radiology/radiology.controller.ts	135	POST	/radiology/catalog/delta-request
backend/src/modules/radiology/radiology.controller.ts	141	POST	/radiology/bookings/:id/confirm-preparation
backend/src/modules/radiology/radiology.controller.ts	146	GET	/radiology/admin/all
backend/src/modules/radiology/radiology.controller.ts	160	POST	/radiology/admin/catalog
backend/src/modules/radiology/radiology.controller.ts	166	PUT	/radiology/admin/catalog/:id
backend/src/modules/radiology/radiology.controller.ts	172	DELETE	/radiology/admin/catalog/:id
backend/src/modules/radiology/radiology.controller.ts	179	PATCH	/radiology/admin/bookings/:id/force-state
backend/src/modules/recruitment/recruitment.module.ts	226	GET	/recruitment/candidate/profile
backend/src/modules/recruitment/recruitment.module.ts	231	POST	/recruitment/candidate/profile
backend/src/modules/recruitment/recruitment.module.ts	236	GET	/recruitment/applications/my
backend/src/modules/recruitment/recruitment.module.ts	242	POST	/recruitment/jobs
backend/src/modules/recruitment/recruitment.module.ts	251	PUT	/recruitment/jobs/:id
backend/src/modules/recruitment/recruitment.module.ts	257	GET	/recruitment/jobs
backend/src/modules/recruitment/recruitment.module.ts	262	GET	/recruitment/jobs/:id
backend/src/modules/recruitment/recruitment.module.ts	267	POST	/recruitment/jobs/:id/apply
backend/src/modules/recruitment/recruitment.module.ts	272	GET	/recruitment/jobs/:id/applications
backend/src/modules/recruitment/recruitment.module.ts	277	PATCH	/recruitment/applications/:id/status
backend/src/modules/returns/returns.controller.ts	11	POST	/pharmacy/returns
backend/src/modules/returns/returns.controller.ts	16	GET	/pharmacy/returns
backend/src/modules/returns/returns.controller.ts	21	GET	/pharmacy/returns/:id
backend/src/modules/returns/returns.controller.ts	26	POST	/pharmacy/returns/:id/decide
backend/src/modules/security/security.module.ts	125	GET	/security/audit/admin
backend/src/modules/security/security.module.ts	138	GET	/security/audit/my-activity
backend/src/modules/security/security.module.ts	147	GET	/security/audit/recent
backend/src/modules/security/security.module.ts	151	GET	/security/audit/critical
backend/src/modules/seo/seo.controller.ts	19	GET	/seo/resolve/:type/:slug
backend/src/modules/seo/seo.controller.ts	28	GET	/seo/meta/:type/:slug
backend/src/modules/seo/seo.controller.ts	35	GET	/seo/build/:type/:id
backend/src/modules/seo/seo.controller.ts	45	GET	/seo/sitemap.xml
backend/src/modules/seo/seo.controller.ts	57	GET	/seo/robots.txt
backend/src/modules/service-catalog/service-catalog.module.ts	191	GET	/service-catalog/mine/:type
backend/src/modules/service-catalog/service-catalog.module.ts	192	POST	/service-catalog/mine/:type
backend/src/modules/service-catalog/service-catalog.module.ts	193	PATCH	/service-catalog/mine/:type/:id
backend/src/modules/service-catalog/service-catalog.module.ts	194	POST	/service-catalog/mine/:type/:id/toggle
backend/src/modules/service-catalog/service-catalog.module.ts	195	DELETE	/service-catalog/mine/:type/:id
backend/src/modules/service-catalog/service-catalog.module.ts	197	GET	/service-catalog/schedule/:entity
backend/src/modules/service-catalog/service-catalog.module.ts	198	PATCH	/service-catalog/schedule/:entity
backend/src/modules/service-catalog/service-catalog.module.ts	201	GET	/service-catalog/admin/:type
backend/src/modules/service-catalog/service-catalog.module.ts	202	POST	/service-catalog/admin/:type/:id/approve
backend/src/modules/slot-locks/slot-locks.module.ts	61	POST	/slot-locks/reserve
backend/src/modules/slot-locks/slot-locks.module.ts	62	POST	/slot-locks/:id/confirm
backend/src/modules/slot-locks/slot-locks.module.ts	63	POST	/slot-locks/:id/release
backend/src/modules/slot-locks/slot-locks.module.ts	64	GET	/slot-locks/mine
backend/src/modules/storage/storage.module.ts	131	POST	/storage/upload
backend/src/modules/storage/storage.module.ts	135	GET	/storage/:id
backend/src/modules/support/support.controller.ts	10	POST	/support/requests
backend/src/modules/support/support.controller.ts	11	GET	/support/requests/mine
backend/src/modules/support/support.controller.ts	12	GET	/support/requests/:id
backend/src/modules/support/support.controller.ts	13	POST	/support/requests/:id/reply
backend/src/modules/support/support.controller.ts	16	GET	/support/admin/requests
backend/src/modules/support/support.controller.ts	17	PATCH	/support/admin/requests/:id
backend/src/modules/support/support.controller.ts	20	GET	/support/tickets
backend/src/modules/support/support.controller.ts	26	GET	/support/faqs
backend/src/modules/support/support.controller.ts	31	POST	/support/feedback
backend/src/modules/support/support.controller.ts	36	GET	/support/settings
backend/src/modules/support/support.controller.ts	37	PATCH	/support/settings
backend/src/modules/system-health/system-health.controller.ts	13	GET	/system-health/liveness
backend/src/modules/system-health/system-health.controller.ts	29	GET	/system-health/readiness
backend/src/modules/timeline/timeline.controller.ts	17	GET	/timeline
backend/src/modules/timeline/timeline.controller.ts	35	GET	/timeline/summary
backend/src/modules/tour/tour.controller.ts	10	GET	/tour/status
backend/src/modules/tour/tour.controller.ts	15	POST	/tour/complete
backend/src/modules/unified-bookings/unified-bookings.controller.ts	8	POST	/unified-bookings/checkout-cart
backend/src/modules/unified-bookings/unified-bookings.module.ts	331	GET	/unified-bookings/mine
backend/src/modules/unified-bookings/unified-bookings.module.ts	332	GET	/unified-bookings/:kind/:id
backend/src/modules/unified-bookings/unified-bookings.module.ts	333	POST	/unified-bookings/:kind/:id/cancel
backend/src/modules/unified-bookings/unified-bookings.module.ts	334	PATCH	/unified-bookings/:kind/:id/reschedule
backend/src/modules/unified-bookings/unified-bookings.module.ts	335	POST	/unified-bookings/match
backend/src/modules/unified-bookings/unified-bookings.module.ts	336	POST	/unified-bookings/nursing-broadcast
backend/src/modules/unified-bookings/unified-bookings.module.ts	337	POST	/unified-bookings/checkout-cart
backend/src/modules/users/user.insurance.controller.ts	12	GET	/user/insurance
backend/src/modules/users/users.addresses.controller.ts	11	GET	/users/me/addresses
backend/src/modules/users/users.addresses.controller.ts	17	POST	/users/me/addresses
backend/src/modules/users/users.addresses.controller.ts	34	PATCH	/users/me/addresses/:addressId
backend/src/modules/users/users.addresses.controller.ts	52	DELETE	/users/me/addresses/:addressId
backend/src/modules/users/users.controller.ts	11	GET	/users/me/profile
backend/src/modules/users/users.controller.ts	16	PATCH	/users/me/profile
backend/src/modules/users/users.controller.ts	21	GET	/users/me/wishlist
backend/src/modules/users/users.controller.ts	26	POST	/users/me/wishlist/:itemId
backend/src/modules/users/users.controller.ts	32	GET	/users/me/notification-settings
backend/src/modules/users/users.controller.ts	37	PATCH	/users/me/notification-settings
backend/src/modules/users/users.controller.ts	42	GET	/users/me/storage
backend/src/modules/users/users.controller.ts	47	GET	/users/me/privacy-settings
backend/src/modules/users/users.controller.ts	52	PATCH	/users/me/privacy-settings
backend/src/modules/users/users.controller.ts	57	GET	/users/me/security-settings
backend/src/modules/users/users.controller.ts	62	PATCH	/users/me/security-settings
backend/src/modules/users/users.controller.ts	67	POST	/users/me/change-password
backend/src/modules/users/users.controller.ts	72	GET	/users/me/sessions
backend/src/modules/users/users.controller.ts	76	GET	/users
backend/src/modules/users/users.controller.ts	82	POST	/users/:id/toggle
backend/src/modules/users/users.controller.ts	88	DELETE	/users/:id
backend/src/modules/users/users.insurance.controller.ts	10	GET	/users/me/insurance
backend/src/modules/users/users.insurance.controller.ts	16	POST	/users/me/insurance
backend/src/modules/wallet/wallet.controller.ts	10	GET	/wallet/balance
backend/src/modules/wallet/wallet.controller.ts	17	GET	/wallet/transactions
backend/src/modules/wallet/wallet.controller.ts	23	GET	/wallet/spending-data
backend/src/modules/wallet/wallet.controller.ts	29	POST	/wallet/topup
backend/src/modules/wallet/wallet.controller.ts	38	POST	/wallet/transfer
backend/src/modules/wallet/wallet.controller.ts	46	GET	/wallet/cards
backend/src/modules/wallet/wallet.controller.ts	53	POST	/wallet/cards
backend/src/modules/wallet/wallet.controller.ts	60	DELETE	/wallet/cards/:id
backend/src/modules/webhooks/webhooks.controller.ts	14	POST	/webhooks/moyasar
backend/src/modules/webhooks/webhooks.controller.ts	24	POST	/webhooks/paytabs
backend/src/modules/webhooks/webhooks.controller.ts	32	POST	/webhooks/sms
backend/src/modules/webhooks/webhooks.controller.ts	40	POST	/webhooks/livekit
backend/src/modules/workflow-engine/workflow-engine.module.ts	511	GET	/workflow/lifecycle
backend/src/modules/workflow-engine/workflow-engine.module.ts	531	GET	/workflow/universal
backend/src/modules/workflow-engine/workflow-engine.module.ts	537	POST	/workflow/match
backend/src/modules/workflow-engine/workflow-engine.module.ts	558	GET	/workflow/debug/state-map
