component	file	line	raw	normalized	review_class
patient	patient-app/app/(auth)/login.tsx	113	/(tabs	/(tabs	NAVIGATION_OR_TEMPLATE
patient	patient-app/app/(auth)/login.tsx	184	/(tabs	/(tabs	NAVIGATION_OR_TEMPLATE
patient	patient-app/app/(auth)/login.tsx	287	/(auth	/(auth	NAVIGATION_OR_TEMPLATE
patient	patient-app/app/(auth)/login.tsx	311	/(auth	/(auth	NAVIGATION_OR_TEMPLATE
patient	patient-app/app/(auth)/login.tsx	351	/(auth	/(auth	NAVIGATION_OR_TEMPLATE
patient	patient-app/app/(auth)/otp.tsx	91	/(auth	/(auth	NAVIGATION_OR_TEMPLATE
patient	patient-app/app/(auth)/otp.tsx	147	/(auth	/(auth	NAVIGATION_OR_TEMPLATE
patient	patient-app/app/(auth)/otp.tsx	149	/(tabs	/(tabs	NAVIGATION_OR_TEMPLATE
patient	patient-app/app/(auth)/provider-info.tsx	15	/(tabs	/(tabs	NAVIGATION_OR_TEMPLATE
patient	patient-app/app/(auth)/provider-info.tsx	19	/(auth	/(auth	NAVIGATION_OR_TEMPLATE
patient	patient-app/app/(auth)/register.tsx	134	/(tabs	/(tabs	NAVIGATION_OR_TEMPLATE
patient	patient-app/app/(auth)/register.tsx	280	/(auth	/(auth	NAVIGATION_OR_TEMPLATE
patient	patient-app/app/(auth)/register.tsx	331	/(auth	/(auth	NAVIGATION_OR_TEMPLATE
patient	patient-app/app/(auth)/reset-password.tsx	76	/(auth	/(auth	NAVIGATION_OR_TEMPLATE
patient	patient-app/app/(auth)/welcome.tsx	35	/(tabs	/(tabs	NAVIGATION_OR_TEMPLATE
patient	patient-app/app/(auth)/welcome.tsx	48	/(tabs	/(tabs	NAVIGATION_OR_TEMPLATE
patient	patient-app/app/(auth)/welcome.tsx	49	/(auth	/(auth	NAVIGATION_OR_TEMPLATE
patient	patient-app/app/(auth)/welcome.tsx	50	/(auth	/(auth	NAVIGATION_OR_TEMPLATE
patient	patient-app/app/(auth)/welcome.tsx	185	/(auth	/(auth	NAVIGATION_OR_TEMPLATE
patient	patient-app/app/(auth)/welcome.tsx	191	/(auth	/(auth	NAVIGATION_OR_TEMPLATE
patient	patient-app/app/(auth)/welcome.tsx	197	/(auth	/(auth	NAVIGATION_OR_TEMPLATE
patient	patient-app/app/(auth)/welcome.tsx	202	/(auth	/(auth	NAVIGATION_OR_TEMPLATE
patient	patient-app/app/(onboarding)/index.tsx	87	/(onboarding	/(onboarding	NAVIGATION_OR_TEMPLATE
patient	patient-app/app/(onboarding)/index.tsx	97	/(onboarding	/(onboarding	NAVIGATION_OR_TEMPLATE
patient	patient-app/app/(onboarding)/language.tsx	58	/(auth	/(auth	NAVIGATION_OR_TEMPLATE
patient	patient-app/app/(onboarding)/permissions.tsx	74	/(auth	/(auth	NAVIGATION_OR_TEMPLATE
patient	patient-app/app/(tabs)/consultations/index.tsx	31	/ai-assistant	/ai-assistant	API_CANDIDATE_REVIEW
patient	patient-app/app/(tabs)/diagnostics.tsx	93	/diagnostics/orders	/diagnostics/orders	API_CANDIDATE_REVIEW
patient	patient-app/app/(tabs)/diagnostics.tsx	175	/diagnostics/insurance-upload	/diagnostics/insurance-upload	API_CANDIDATE_REVIEW
patient	patient-app/app/(tabs)/diagnostics.tsx	194	/diagnostics/packages	/diagnostics/packages	API_CANDIDATE_REVIEW
patient	patient-app/app/(tabs)/diagnostics.tsx	352	/diagnostics/checkout	/diagnostics/checkout	API_CANDIDATE_REVIEW
patient	patient-app/app/(tabs)/diagnostics.tsx	372	/diagnostics/cart	/diagnostics/cart	API_CANDIDATE_REVIEW
patient	patient-app/app/(tabs)/health.tsx	144	/health/health-id	/health/health-id	API_CANDIDATE_REVIEW
patient	patient-app/app/(tabs)/health.tsx	155	/health/edit-profile	/health/edit-profile	API_CANDIDATE_REVIEW
patient	patient-app/app/(tabs)/health.tsx	262	/(tabs	/(tabs	NAVIGATION_OR_TEMPLATE
patient	patient-app/app/(tabs)/health.tsx	291	/consultations/appointments	/consultations/appointments	API_CANDIDATE_REVIEW
patient	patient-app/app/(tabs)/index.tsx	189	/search	/search	API_CANDIDATE_REVIEW
patient	patient-app/app/(tabs)/nursing.tsx	54	/home-care/services	/home-care/services	API_CANDIDATE_REVIEW
patient	patient-app/app/(tabs)/nursing.tsx	55	/home-care/packages	/home-care/packages	API_CANDIDATE_REVIEW
patient	patient-app/app/(tabs)/pharmacy.tsx	225	/pharmacy/barcode-scanner	/pharmacy/barcode-scanner	API_CANDIDATE_REVIEW
patient	patient-app/app/(tabs)/pharmacy.tsx	237	/pharmacy/filters	/pharmacy/filters	API_CANDIDATE_REVIEW
patient	patient-app/app/(tabs)/pharmacy.tsx	254	/pharmacy/scan-prescription	/pharmacy/scan-prescription	API_CANDIDATE_REVIEW
patient	patient-app/app/(tabs)/pharmacy.tsx	278	/pharmacy/order-history	/pharmacy/order-history	API_CANDIDATE_REVIEW
patient	patient-app/app/(tabs)/pharmacy.tsx	351	/pharmacy/manual-order	/pharmacy/manual-order	API_CANDIDATE_REVIEW
patient	patient-app/app/(tabs)/pharmacy.tsx	364	/pharmacy/product-detail	/pharmacy/product-detail	API_CANDIDATE_REVIEW
patient	patient-app/app/(tabs)/pharmacy.tsx	451	/pharmacy/cart	/pharmacy/cart	API_CANDIDATE_REVIEW
patient	patient-app/app/ai-assistant.tsx	146	/ai/prescription-translator	/ai/prescription-translator	API_CANDIDATE_REVIEW
patient	patient-app/app/ai/chat-doctor.tsx	112	/(tabs	/(tabs	NAVIGATION_OR_TEMPLATE
patient	patient-app/app/ai/skin-analysis.tsx	226	/(tabs	/(tabs	NAVIGATION_OR_TEMPLATE
patient	patient-app/app/ai/symptom-checker.tsx	235	/(tabs	/(tabs	NAVIGATION_OR_TEMPLATE
patient	patient-app/app/ai/symptom-checker.tsx	322	/(tabs	/(tabs	NAVIGATION_OR_TEMPLATE
patient	patient-app/app/ai/symptom-checker.tsx	340	/ai/symptom-timeline	/ai/symptom-timeline	API_CANDIDATE_REVIEW
patient	patient-app/app/ai/triage.tsx	171	/emergency	/emergency	API_CANDIDATE_REVIEW
patient	patient-app/app/community/live-session.tsx	31	/(tabs	/(tabs	NAVIGATION_OR_TEMPLATE
patient	patient-app/app/consultations/appointment-detail.tsx	83	/consultations/doctor/[id]	/consultations/doctor/[id]	API_CANDIDATE_REVIEW
patient	patient-app/app/consultations/appointment-detail.tsx	153	/patient/pay-copay	/patient/pay-copay	API_CANDIDATE_REVIEW
patient	patient-app/app/consultations/appointment-detail.tsx	166	/consultations/cancel-reschedule	/consultations/cancel-reschedule	API_CANDIDATE_REVIEW
patient	patient-app/app/consultations/appointment-detail.tsx	172	/consultations/virtual-waiting-room	/consultations/virtual-waiting-room	API_CANDIDATE_REVIEW
patient	patient-app/app/consultations/appointment-detail.tsx	182	/consultations/clinic-location	/consultations/clinic-location	API_CANDIDATE_REVIEW
patient	patient-app/app/consultations/appointment-detail.tsx	192	/consultations/home-visit-tracking	/consultations/home-visit-tracking	API_CANDIDATE_REVIEW
patient	patient-app/app/consultations/appointments.tsx	166	/(tabs	/(tabs	NAVIGATION_OR_TEMPLATE
patient	patient-app/app/consultations/booking-confirm.tsx	258	/profile/insurance	/profile/insurance	API_CANDIDATE_REVIEW
patient	patient-app/app/consultations/booking-success.tsx	53	/(tabs	/(tabs	NAVIGATION_OR_TEMPLATE
patient	patient-app/app/consultations/booking-success.tsx	57	/consultations/appointments	/consultations/appointments	API_CANDIDATE_REVIEW
patient	patient-app/app/consultations/booking-success.tsx	62	/consultations/clinic-location	/consultations/clinic-location	API_CANDIDATE_REVIEW
patient	patient-app/app/consultations/booking-success.tsx	65	/consultations/home-visit-tracking	/consultations/home-visit-tracking	API_CANDIDATE_REVIEW
patient	patient-app/app/consultations/booking-success.tsx	292	/(tabs	/(tabs	NAVIGATION_OR_TEMPLATE
patient	patient-app/app/consultations/cancel-reschedule.tsx	34	/consultations/appointments	/consultations/appointments	API_CANDIDATE_REVIEW
patient	patient-app/app/consultations/chat-with-doctor.tsx	113	/consultations/video-call	/consultations/video-call	API_CANDIDATE_REVIEW
patient	patient-app/app/consultations/chat-with-doctor.tsx	116	/consultations/video-call	/consultations/video-call	API_CANDIDATE_REVIEW
patient	patient-app/app/consultations/doctor-profile.tsx	300	/(auth	/(auth	NAVIGATION_OR_TEMPLATE
patient	patient-app/app/consultations/doctor-profile.tsx	300	/insurance/add-policy	/insurance/add-policy	API_CANDIDATE_REVIEW
patient	patient-app/app/consultations/doctor-profile.tsx	556	/consultations/doctor-profile	/consultations/doctor-profile	API_CANDIDATE_REVIEW
patient	patient-app/app/consultations/follow-up.tsx	92	/consultations/prescription-from-doctor	/consultations/prescription-from-doctor	API_CANDIDATE_REVIEW
patient	patient-app/app/consultations/follow-up.tsx	102	/consultations/book/[id]	/consultations/book/[id]	API_CANDIDATE_REVIEW
patient	patient-app/app/consultations/follow-up.tsx	137	/consultations/chat-with-doctor	/consultations/chat-with-doctor	API_CANDIDATE_REVIEW
patient	patient-app/app/consultations/follow-up.tsx	138	/consultations/book/[id]	/consultations/book/[id]	API_CANDIDATE_REVIEW
patient	patient-app/app/consultations/post-call-rating.tsx	54	/(tabs	/(tabs	NAVIGATION_OR_TEMPLATE
patient	patient-app/app/consultations/post-call-rating.tsx	62	/(tabs	/(tabs	NAVIGATION_OR_TEMPLATE
patient	patient-app/app/consultations/prescription-from-doctor.tsx	63	/pharmacy/rx-order	/pharmacy/rx-order	API_CANDIDATE_REVIEW
patient	patient-app/app/consultations/prescription-from-doctor.tsx	285	/consultations/follow-up	/consultations/follow-up	API_CANDIDATE_REVIEW
patient	patient-app/app/consultations/prescription-from-doctor.tsx	335	/diagnostics/search	/diagnostics/search	API_CANDIDATE_REVIEW
patient	patient-app/app/consultations/share-report.tsx	155	/pharmacy/cart	/pharmacy/cart	API_CANDIDATE_REVIEW
patient	patient-app/app/consultations/waiting-room.tsx	242	/(tabs	/(tabs	NAVIGATION_OR_TEMPLATE
patient	patient-app/app/delivery/address-select.tsx	73	/shared/location-picker	/shared/location-picker	API_CANDIDATE_REVIEW
patient	patient-app/app/delivery/address-select.tsx	135	/shared/location-picker	/shared/location-picker	API_CANDIDATE_REVIEW
patient	patient-app/app/diagnostics/book-sample.tsx	46	/shared/location-picker	/shared/location-picker	API_CANDIDATE_REVIEW
patient	patient-app/app/diagnostics/book-sample.tsx	121	/pay	/pay	API_CANDIDATE_REVIEW
patient	patient-app/app/diagnostics/booking-confirm.tsx	104	/insurance/approval-pending	/insurance/approval-pending	API_CANDIDATE_REVIEW
patient	patient-app/app/diagnostics/booking-confirm.tsx	107	/diagnostics/sample-tracking	/diagnostics/sample-tracking	API_CANDIDATE_REVIEW
patient	patient-app/app/diagnostics/booking-confirm.tsx	155	/delivery/address-select	/delivery/address-select	API_CANDIDATE_REVIEW
patient	patient-app/app/diagnostics/booking-success.tsx	87	/(tabs	/(tabs	NAVIGATION_OR_TEMPLATE
patient	patient-app/app/diagnostics/booking-success.tsx	92	/(tabs	/(tabs	NAVIGATION_OR_TEMPLATE
patient	patient-app/app/diagnostics/booking-success.tsx	98	/(tabs	/(tabs	NAVIGATION_OR_TEMPLATE
patient	patient-app/app/diagnostics/cart.tsx	188	/diagnostics/checkout	/diagnostics/checkout	API_CANDIDATE_REVIEW
patient	patient-app/app/diagnostics/checkout.tsx	266	/diagnostics/booking-success	/diagnostics/booking-success	API_CANDIDATE_REVIEW
patient	patient-app/app/diagnostics/checkout.tsx	270	/diagnostics/booking-success	/diagnostics/booking-success	API_CANDIDATE_REVIEW
patient	patient-app/app/diagnostics/insurance-approval.tsx	250	/consultations	/consultations	API_CANDIDATE_REVIEW
patient	patient-app/app/diagnostics/insurance-upload.tsx	150	/consultations	/consultations	API_CANDIDATE_REVIEW
patient	patient-app/app/diagnostics/lab-comparison.tsx	87	/diagnostics/cart	/diagnostics/cart	API_CANDIDATE_REVIEW
patient	patient-app/app/diagnostics/order/[id].tsx	54	/cancel	/cancel	API_CANDIDATE_REVIEW
patient	patient-app/app/diagnostics/order/[id].tsx	69	/report.pdf	/report.pdf	API_CANDIDATE_REVIEW
patient	patient-app/app/diagnostics/results-history.tsx	72	/reports/view-report	/reports/view-report	API_CANDIDATE_REVIEW
patient	patient-app/app/diagnostics/sample-tracking.tsx	93	/(tabs	/(tabs	NAVIGATION_OR_TEMPLATE
patient	patient-app/app/diagnostics/sample-tracking.tsx	155	/(tabs	/(tabs	NAVIGATION_OR_TEMPLATE
patient	patient-app/app/drug-scanner/index.tsx	35	/health/medications	/health/medications	API_CANDIDATE_REVIEW
patient	patient-app/app/drug-scanner/index.tsx	47	/ai/drug-interactions	/ai/drug-interactions	API_CANDIDATE_REVIEW
patient	patient-app/app/drug-scanner/index.tsx	199	/(tabs	/(tabs	NAVIGATION_OR_TEMPLATE
patient	patient-app/app/emergency/sos-active.tsx	113	/(tabs	/(tabs	NAVIGATION_OR_TEMPLATE
patient	patient-app/app/family/chat.tsx	35	/family/chat/messages	/family/chat/messages	API_CANDIDATE_REVIEW
patient	patient-app/app/family/chat.tsx	64	/reports/view-report	/reports/view-report	API_CANDIDATE_REVIEW
patient	patient-app/app/family/chat.tsx	81	/family/voice-call	/family/voice-call	API_CANDIDATE_REVIEW
patient	patient-app/app/family/chat.tsx	82	/consultations/video-call	/consultations/video-call	API_CANDIDATE_REVIEW
patient	patient-app/app/family/chat.tsx	99	/reports/hub	/reports/hub	API_CANDIDATE_REVIEW
patient	patient-app/app/family/hub.tsx	122	/(tabs	/(tabs	NAVIGATION_OR_TEMPLATE
patient	patient-app/app/family/hub.tsx	209	/family/chat	/family/chat	API_CANDIDATE_REVIEW
patient	patient-app/app/family/join.tsx	86	/health/family-hub	/health/family-hub	API_CANDIDATE_REVIEW
patient	patient-app/app/family/member-health.tsx	257	/family/chat	/family/chat	API_CANDIDATE_REVIEW
patient	patient-app/app/family/member-health.tsx	263	/family/voice-call	/family/voice-call	API_CANDIDATE_REVIEW
patient	patient-app/app/family/member-health.tsx	269	/(tabs	/(tabs	NAVIGATION_OR_TEMPLATE
patient	patient-app/app/family/voice-call.tsx	68	/family/chat	/family/chat	API_CANDIDATE_REVIEW
patient	patient-app/app/health/actionable-order.tsx	52	/pharmacy	/pharmacy	API_CANDIDATE_REVIEW
patient	patient-app/app/health/actionable-order.tsx	58	/diagnostics	/diagnostics	API_CANDIDATE_REVIEW
patient	patient-app/app/health/actionable-order.tsx	148	/diagnostics	/diagnostics	API_CANDIDATE_REVIEW
patient	patient-app/app/health/chronic-disease.tsx	133	/(tabs	/(tabs	NAVIGATION_OR_TEMPLATE
patient	patient-app/app/health/chronic-medications.tsx	37	/(tabs	/(tabs	NAVIGATION_OR_TEMPLATE
patient	patient-app/app/health/chronic-medications.tsx	45	/health/medication-reminder-add	/health/medication-reminder-add	API_CANDIDATE_REVIEW
patient	patient-app/app/health/chronic-medications.tsx	109	/health/medication-reminder-add	/health/medication-reminder-add	API_CANDIDATE_REVIEW
patient	patient-app/app/health/family-hub.tsx	279	/family/chat	/family/chat	API_CANDIDATE_REVIEW
patient	patient-app/app/health/health-id.tsx	159	/health/edit-profile	/health/edit-profile	API_CANDIDATE_REVIEW
patient	patient-app/app/health/medication-reminder-add.tsx	77	/(tabs	/(tabs	NAVIGATION_OR_TEMPLATE
patient	patient-app/app/health/medication-reminder-list.tsx	251	/health/chronic-medications	/health/chronic-medications	API_CANDIDATE_REVIEW
patient	patient-app/app/health/prescriptions.tsx	44	/pharmacy/rx-order	/pharmacy/rx-order	API_CANDIDATE_REVIEW
patient	patient-app/app/health/prescriptions.tsx	71	/(tabs	/(tabs	NAVIGATION_OR_TEMPLATE
patient	patient-app/app/health/reminders.tsx	271	/health/refills	/health/refills	API_CANDIDATE_REVIEW
patient	patient-app/app/health/vitals-log.tsx	203	/health/conditions-allergies	/health/conditions-allergies	API_CANDIDATE_REVIEW
patient	patient-app/app/health/vitals.tsx	137	/health/vitals-log	/health/vitals-log	API_CANDIDATE_REVIEW
patient	patient-app/app/health/vitals.tsx	178	/health/vitals-log	/health/vitals-log	API_CANDIDATE_REVIEW
patient	patient-app/app/health/vitals.tsx	184	/health/vitals-log	/health/vitals-log	API_CANDIDATE_REVIEW
patient	patient-app/app/health/vitals.tsx	187	/health/conditions-allergies	/health/conditions-allergies	API_CANDIDATE_REVIEW
patient	patient-app/app/health/wearables.tsx	37	/health/wearables/devices	/health/wearables/devices	API_CANDIDATE_REVIEW
patient	patient-app/app/health/wearables.tsx	38	/health/wearables/data	/health/wearables/data	API_CANDIDATE_REVIEW
patient	patient-app/app/health/wearables.tsx	58	/health/sleep-tracker	/health/sleep-tracker	API_CANDIDATE_REVIEW
patient	patient-app/app/index.tsx	36	/(tabs	/(tabs	NAVIGATION_OR_TEMPLATE
patient	patient-app/app/index.tsx	38	/(auth	/(auth	NAVIGATION_OR_TEMPLATE
patient	patient-app/app/index.tsx	41	/(auth	/(auth	NAVIGATION_OR_TEMPLATE
patient	patient-app/app/insurance/approval-pending.tsx	63	/(tabs	/(tabs	NAVIGATION_OR_TEMPLATE
patient	patient-app/app/insurance/benefits-summary.tsx	21	/insurance/benefits-summary	/insurance/benefits-summary	API_CANDIDATE_REVIEW
patient	patient-app/app/insurance/claim-tracking.tsx	30	/api/v1/insurance/claims/my	/insurance/claims/my	API_CANDIDATE_REVIEW
patient	patient-app/app/insurance/claim-tracking.tsx	48	/insurance/submit-claim	/insurance/submit-claim	API_CANDIDATE_REVIEW
patient	patient-app/app/insurance/claim-tracking.tsx	112	/insurance/refund-status	/insurance/refund-status	API_CANDIDATE_REVIEW
patient	patient-app/app/insurance/copay.tsx	32	/provider/jobs/insurance-copay	/provider/jobs/insurance-copay	API_CANDIDATE_REVIEW
patient	patient-app/app/insurance/copay.tsx	38	/(tabs	/(tabs	NAVIGATION_OR_TEMPLATE
patient	patient-app/app/insurance/hub.tsx	211	/insurance/add-policy	/insurance/add-policy	API_CANDIDATE_REVIEW
patient	patient-app/app/insurance/hub.tsx	303	/insurance/benefits-summary	/insurance/benefits-summary	API_CANDIDATE_REVIEW
patient	patient-app/app/insurance/hub.tsx	335	/insurance/policy-detail	/insurance/policy-detail	API_CANDIDATE_REVIEW
patient	patient-app/app/insurance/hub.tsx	360	/insurance/add-policy	/insurance/add-policy	API_CANDIDATE_REVIEW
patient	patient-app/app/insurance/hub.tsx	368	/insurance/policy-detail	/insurance/policy-detail	API_CANDIDATE_REVIEW
patient	patient-app/app/insurance/hub.tsx	393	/insurance/claim-tracking	/insurance/claim-tracking	API_CANDIDATE_REVIEW
patient	patient-app/app/insurance/hub.tsx	405	/insurance/claim-tracking	/insurance/claim-tracking	API_CANDIDATE_REVIEW
patient	patient-app/app/insurance/network-providers.tsx	49	/map	/map	API_CANDIDATE_REVIEW
patient	patient-app/app/insurance/payment-split.tsx	79	/insurance/payment-confirm	/insurance/payment-confirm	API_CANDIDATE_REVIEW
patient	patient-app/app/insurance/payment-split.tsx	91	/consultations/booking-success	/consultations/booking-success	API_CANDIDATE_REVIEW
patient	patient-app/app/insurance/payment-split.tsx	93	/pharmacy/order-tracking	/pharmacy/order-tracking	API_CANDIDATE_REVIEW
patient	patient-app/app/insurance/payment-split.tsx	95	/(tabs	/(tabs	NAVIGATION_OR_TEMPLATE
patient	patient-app/app/insurance/payment-split.tsx	148	/insurance/hub	/insurance/hub	API_CANDIDATE_REVIEW
patient	patient-app/app/map/index.tsx	593	/health/edit-profile	/health/edit-profile	API_CANDIDATE_REVIEW
patient	patient-app/app/map/index.tsx	617	/consultations/doctor-profile	/consultations/doctor-profile	API_CANDIDATE_REVIEW
patient	patient-app/app/map/index.tsx	619	/(tabs	/(tabs	NAVIGATION_OR_TEMPLATE
patient	patient-app/app/map/index.tsx	621	/diagnostics/booking-confirm	/diagnostics/booking-confirm	API_CANDIDATE_REVIEW
patient	patient-app/app/map/index.tsx	623	/(tabs	/(tabs	NAVIGATION_OR_TEMPLATE
patient	patient-app/app/map/index.tsx	625	/(tabs	/(tabs	NAVIGATION_OR_TEMPLATE
patient	patient-app/app/maternity/baby-growth.tsx	92	/maternity/vaccines	/maternity/vaccines	API_CANDIDATE_REVIEW
patient	patient-app/app/maternity/baby-growth.tsx	284	/(tabs	/(tabs	NAVIGATION_OR_TEMPLATE
patient	patient-app/app/maternity/hub.tsx	83	/maternity/maternity-setup	/maternity/maternity-setup	API_CANDIDATE_REVIEW
patient	patient-app/app/maternity/hub.tsx	271	/maternity/baby-development	/maternity/baby-development	API_CANDIDATE_REVIEW
patient	patient-app/app/maternity/hub.tsx	271	/maternity/ovulation-tracker	/maternity/ovulation-tracker	API_CANDIDATE_REVIEW
patient	patient-app/app/maternity/hub.tsx	367	/maternity/ovulation-tracker	/maternity/ovulation-tracker	API_CANDIDATE_REVIEW
patient	patient-app/app/maternity/hub.tsx	399	/maternity/baby-development	/maternity/baby-development	API_CANDIDATE_REVIEW
patient	patient-app/app/maternity/hub.tsx	471	/(tabs	/(tabs	NAVIGATION_OR_TEMPLATE
patient	patient-app/app/maternity/hub.tsx	520	/(tabs	/(tabs	NAVIGATION_OR_TEMPLATE
patient	patient-app/app/maternity/maternity-setup.tsx	189	/maternity/hub	/maternity/hub	API_CANDIDATE_REVIEW
patient	patient-app/app/maternity/maternity-setup.tsx	195	/maternity/hub	/maternity/hub	API_CANDIDATE_REVIEW
patient	patient-app/app/maternity/ovulation-tracker.tsx	246	/maternity/hub	/maternity/hub	API_CANDIDATE_REVIEW
patient	patient-app/app/maternity/pregnancy-tracker.tsx	295	/(tabs	/(tabs	NAVIGATION_OR_TEMPLATE
patient	patient-app/app/maternity/pregnancy-tracker.tsx	296	/nutrition/ai-plan-builder	/nutrition/ai-plan-builder	API_CANDIDATE_REVIEW
patient	patient-app/app/mental-health/crisis-support.tsx	40	/mental-health/hotlines	/mental-health/hotlines	API_CANDIDATE_REVIEW
patient	patient-app/app/mental-health/meditation.tsx	42	/mental-health/meditation/sessions	/mental-health/meditation/sessions	API_CANDIDATE_REVIEW
patient	patient-app/app/mental-health/self-assessment.tsx	26	/mental-health/assessment-questions	/mental-health/assessment-questions	API_CANDIDATE_REVIEW
patient	patient-app/app/mental-health/self-assessment.tsx	86	/(tabs	/(tabs	NAVIGATION_OR_TEMPLATE
patient	patient-app/app/mental-health/therapist-match.tsx	97	/consultations/doctor-profile	/consultations/doctor-profile	API_CANDIDATE_REVIEW
patient	patient-app/app/mental-health/therapist-match.tsx	119	/consultations/booking-confirm	/consultations/booking-confirm	API_CANDIDATE_REVIEW
patient	patient-app/app/nursing/live-tracking.tsx	148	/(tabs	/(tabs	NAVIGATION_OR_TEMPLATE
patient	patient-app/app/nursing/nurse-profile.tsx	85	/home-care/insurance/verify	/home-care/insurance/verify	API_CANDIDATE_REVIEW
patient	patient-app/app/nursing/nurse-profile.tsx	121	/home-care/bookings	/home-care/bookings	API_CANDIDATE_REVIEW
patient	patient-app/app/nursing/nurse-profile.tsx	126	/nursing/live-tracking	/nursing/live-tracking	API_CANDIDATE_REVIEW
patient	patient-app/app/nursing/nurse-profile.tsx	141	/(tabs	/(tabs	NAVIGATION_OR_TEMPLATE
patient	patient-app/app/nursing/service-details.tsx	148	/nursing/nurse-profile	/nursing/nurse-profile	API_CANDIDATE_REVIEW
patient	patient-app/app/nursing/service-details.tsx	213	/nursing/nurse-profile	/nursing/nurse-profile	API_CANDIDATE_REVIEW
patient	patient-app/app/nutrition/ai-plan-builder.tsx	201	/nutrition/nutrition-plan	/nutrition/nutrition-plan	API_CANDIDATE_REVIEW
patient	patient-app/app/nutrition/ai-plan-builder.tsx	202	/nutrition/exercise-plan	/nutrition/exercise-plan	API_CANDIDATE_REVIEW
patient	patient-app/app/nutrition/body-composition.tsx	150	/nutrition/body-target	/nutrition/body-target	API_CANDIDATE_REVIEW
patient	patient-app/app/nutrition/body-composition.tsx	156	/nutrition/ai-plan-builder	/nutrition/ai-plan-builder	API_CANDIDATE_REVIEW
patient	patient-app/app/nutrition/body-target.tsx	110	/nutrition/ai-plan-builder	/nutrition/ai-plan-builder	API_CANDIDATE_REVIEW
patient	patient-app/app/nutrition/body-target.tsx	111	/nutrition/body-composition	/nutrition/body-composition	API_CANDIDATE_REVIEW
patient	patient-app/app/nutrition/calorie-analyzer.tsx	73	/nutrition/daily-tracker	/nutrition/daily-tracker	API_CANDIDATE_REVIEW
patient	patient-app/app/nutrition/daily-tracker.tsx	108	/nutrition/log-meal	/nutrition/log-meal	API_CANDIDATE_REVIEW
patient	patient-app/app/nutrition/daily-tracker.tsx	155	/nutrition/exercise-plan	/nutrition/exercise-plan	API_CANDIDATE_REVIEW
patient	patient-app/app/nutrition/daily-tracker.tsx	168	/nutrition/calorie-analyzer	/nutrition/calorie-analyzer	API_CANDIDATE_REVIEW
patient	patient-app/app/nutrition/food-scanner.tsx	82	/nutrition/daily-tracker	/nutrition/daily-tracker	API_CANDIDATE_REVIEW
patient	patient-app/app/nutrition/food-scanner.tsx	84	/nutrition/daily-tracker	/nutrition/daily-tracker	API_CANDIDATE_REVIEW
patient	patient-app/app/nutrition/log-meal.tsx	41	/nutrition/foods	/nutrition/foods	API_CANDIDATE_REVIEW
patient	patient-app/app/nutrition/log-meal.tsx	70	/nutrition/daily-tracker	/nutrition/daily-tracker	API_CANDIDATE_REVIEW
patient	patient-app/app/nutrition/log-meal.tsx	134	/nutrition/food-scanner	/nutrition/food-scanner	API_CANDIDATE_REVIEW
patient	patient-app/app/payments/failed.tsx	77	/wallet/hub	/wallet/hub	API_CANDIDATE_REVIEW
patient	patient-app/app/payments/failed.tsx	82	/(tabs	/(tabs	NAVIGATION_OR_TEMPLATE
patient	patient-app/app/payments/failure.tsx	78	/(tabs	/(tabs	NAVIGATION_OR_TEMPLATE
patient	patient-app/app/payments/success.tsx	68	/consultations/clinic-location	/consultations/clinic-location	API_CANDIDATE_REVIEW
patient	patient-app/app/payments/success.tsx	69	/consultations/home-visit-tracking	/consultations/home-visit-tracking	API_CANDIDATE_REVIEW
patient	patient-app/app/payments/success.tsx	70	/consultations/booking-success	/consultations/booking-success	API_CANDIDATE_REVIEW
patient	patient-app/app/payments/success.tsx	78	/(tabs	/(tabs	NAVIGATION_OR_TEMPLATE
patient	patient-app/app/pharmacy/barcode-scanner.tsx	35	/pharmacy/product-detail	/pharmacy/product-detail	API_CANDIDATE_REVIEW
patient	patient-app/app/pharmacy/barcode-scanner.tsx	68	/pharmacy/drug-not-found	/pharmacy/drug-not-found	API_CANDIDATE_REVIEW
patient	patient-app/app/pharmacy/broadcast-status.tsx	71	/pharmacy/order-tracking	/pharmacy/order-tracking	API_CANDIDATE_REVIEW
patient	patient-app/app/pharmacy/cart.tsx	69	/pharmacy/checkout	/pharmacy/checkout	API_CANDIDATE_REVIEW
patient	patient-app/app/pharmacy/cart.tsx	182	/(tabs	/(tabs	NAVIGATION_OR_TEMPLATE
patient	patient-app/app/pharmacy/cart.tsx	202	/pharmacy/manual-order	/pharmacy/manual-order	API_CANDIDATE_REVIEW
patient	patient-app/app/pharmacy/chat-with-pharmacist.tsx	116	/pharmacy/cart	/pharmacy/cart	API_CANDIDATE_REVIEW
patient	patient-app/app/pharmacy/checkout.tsx	69	/profile/insurance	/profile/insurance	API_CANDIDATE_REVIEW
patient	patient-app/app/pharmacy/checkout.tsx	79	/shared/location-picker	/shared/location-picker	API_CANDIDATE_REVIEW
patient	patient-app/app/pharmacy/checkout.tsx	122	/pharmacy/waiting-for-pharmacy	/pharmacy/waiting-for-pharmacy	API_CANDIDATE_REVIEW
patient	patient-app/app/pharmacy/custom-item.tsx	52	/(tabs	/(tabs	NAVIGATION_OR_TEMPLATE
patient	patient-app/app/pharmacy/drug-not-found.tsx	68	/(tabs	/(tabs	NAVIGATION_OR_TEMPLATE
patient	patient-app/app/pharmacy/manual-order.tsx	56	/pharmacy/cart	/pharmacy/cart	API_CANDIDATE_REVIEW
patient	patient-app/app/pharmacy/order-confirm.tsx	57	/pharmacy/payment	/pharmacy/payment	API_CANDIDATE_REVIEW
patient	patient-app/app/pharmacy/order-confirm.tsx	69	/pharmacy/waiting-for-pharmacy	/pharmacy/waiting-for-pharmacy	API_CANDIDATE_REVIEW
patient	patient-app/app/pharmacy/order-history.tsx	109	/pharmacy/cart	/pharmacy/cart	API_CANDIDATE_REVIEW
patient	patient-app/app/pharmacy/order-tracking.tsx	110	/(tabs	/(tabs	NAVIGATION_OR_TEMPLATE
patient	patient-app/app/pharmacy/order-tracking.tsx	134	/pharmacy/chat-with-pharmacist	/pharmacy/chat-with-pharmacist	API_CANDIDATE_REVIEW
patient	patient-app/app/pharmacy/pharmacist-chat.tsx	39	/pharmacy/chat/threads	/pharmacy/chat/threads	API_CANDIDATE_REVIEW
patient	patient-app/app/pharmacy/pharmacist-chat.tsx	119	/pharmacy/cart	/pharmacy/cart	API_CANDIDATE_REVIEW
patient	patient-app/app/pharmacy/pharmacist-chat.tsx	237	/pharmacy/payment	/pharmacy/payment	API_CANDIDATE_REVIEW
patient	patient-app/app/pharmacy/product-detail.tsx	188	/pharmacy/cart	/pharmacy/cart	API_CANDIDATE_REVIEW
patient	patient-app/app/pharmacy/product-detail.tsx	275	/pharmacy/product-detail	/pharmacy/product-detail	API_CANDIDATE_REVIEW
patient	patient-app/app/pharmacy/reorder.tsx	123	/(tabs	/(tabs	NAVIGATION_OR_TEMPLATE
patient	patient-app/app/pharmacy/rx-order.tsx	50	/insurance/approval-pending	/insurance/approval-pending	API_CANDIDATE_REVIEW
patient	patient-app/app/pharmacy/rx-order.tsx	55	/pharmacy/order-tracking	/pharmacy/order-tracking	API_CANDIDATE_REVIEW
patient	patient-app/app/pharmacy/rx-order.tsx	141	/(tabs	/(tabs	NAVIGATION_OR_TEMPLATE
patient	patient-app/app/pharmacy/rx-order.tsx	159	/delivery/address-select	/delivery/address-select	API_CANDIDATE_REVIEW
patient	patient-app/app/pharmacy/scan-prescription.tsx	106	/pharmacy/cart	/pharmacy/cart	API_CANDIDATE_REVIEW
patient	patient-app/app/pharmacy/waiting-for-pharmacy.tsx	133	/(tabs	/(tabs	NAVIGATION_OR_TEMPLATE
patient	patient-app/app/profile/index.tsx	34	/(auth	/(auth	NAVIGATION_OR_TEMPLATE
patient	patient-app/app/profile/index.tsx	47	/health/edit-profile	/health/edit-profile	API_CANDIDATE_REVIEW
patient	patient-app/app/profile/index.tsx	76	/(auth	/(auth	NAVIGATION_OR_TEMPLATE
patient	patient-app/app/programs/active.tsx	100	/loyalty/hub	/loyalty/hub	API_CANDIDATE_REVIEW
patient	patient-app/app/reports/ai-analysis.tsx	290	/(tabs	/(tabs	NAVIGATION_OR_TEMPLATE
patient	patient-app/app/reports/ai-analysis.tsx	296	/(tabs	/(tabs	NAVIGATION_OR_TEMPLATE
patient	patient-app/app/reports/timeline.tsx	42	/reports/timeline	/reports/timeline	API_CANDIDATE_REVIEW
patient	patient-app/app/reports/timeline.tsx	88	/reports/passport	/reports/passport	API_CANDIDATE_REVIEW
patient	patient-app/app/returns/hub.tsx	124	/returns/new-request	/returns/new-request	API_CANDIDATE_REVIEW
patient	patient-app/app/returns/hub.tsx	308	/returns/new-request	/returns/new-request	API_CANDIDATE_REVIEW
patient	patient-app/app/returns/new-request.tsx	100	/returns/hub	/returns/hub	API_CANDIDATE_REVIEW
patient	patient-app/app/returns/new-request.tsx	103	/(tabs	/(tabs	NAVIGATION_OR_TEMPLATE
patient	patient-app/app/search/index.tsx	68	/(tabs	/(tabs	NAVIGATION_OR_TEMPLATE
patient	patient-app/app/search/index.tsx	72	/(tabs	/(tabs	NAVIGATION_OR_TEMPLATE
patient	patient-app/app/settings/about.tsx	221	/settings/terms	/settings/terms	API_CANDIDATE_REVIEW
patient	patient-app/app/settings/about.tsx	238	/settings/privacy	/settings/privacy	API_CANDIDATE_REVIEW
patient	patient-app/app/settings/data.tsx	54	/settings/privacy	/settings/privacy	API_CANDIDATE_REVIEW
patient	patient-app/app/settings/help.tsx	146	/settings/support-chat	/settings/support-chat	API_CANDIDATE_REVIEW
patient	patient-app/app/settings/index.tsx	55	/(onboarding	/(onboarding	NAVIGATION_OR_TEMPLATE
patient	patient-app/app/settings/index.tsx	59	/(auth	/(auth	NAVIGATION_OR_TEMPLATE
patient	patient-app/app/support/chat.tsx	46	/support/chat	/support/chat	API_CANDIDATE_REVIEW
patient	patient-app/app/support/chat.tsx	80	/support/chat	/support/chat	API_CANDIDATE_REVIEW
patient	patient-app/app/support/ticket.tsx	44	/support/chat	/support/chat	API_CANDIDATE_REVIEW
patient	patient-app/src/components/Header.tsx	137	/profile	/profile	API_CANDIDATE_REVIEW
patient	patient-app/src/core/events/AuditManager.ts	62	/audit/batch	/audit/batch	API_CANDIDATE_REVIEW
patient	patient-app/src/hooks/useGuestGuard.tsx	71	/(auth	/(auth	NAVIGATION_OR_TEMPLATE
patient	patient-app/src/hooks/useGuestGuard.tsx	76	/(auth	/(auth	NAVIGATION_OR_TEMPLATE
patient	patient-app/src/hooks/usePushNotifications.ts	57	/notifications/register-token	/notifications/register-token	API_CANDIDATE_REVIEW
patient	patient-app/src/navigation/guards/AuthGuard.tsx	25	/(auth	/(auth	NAVIGATION_OR_TEMPLATE
patient	patient-app/src/utils/security.ts	162	/audit	/audit	API_CANDIDATE_REVIEW
provider	provider-app/src/components/ui.tsx	902	/provider/profile/image/status	/provider/profile/image/status	API_CANDIDATE_REVIEW
provider	provider-app/src/components/ui.tsx	925	/provider/profile/image/status	/provider/profile/image/status	API_CANDIDATE_REVIEW
provider	provider-app/src/components/ui.tsx	986	/provider/profile/image/upload	/provider/profile/image/upload	API_CANDIDATE_REVIEW
provider	provider-app/src/screens/doctor/DoctorDashboard.tsx	210	/provider/stats/today	/provider/stats/today	API_CANDIDATE_REVIEW
provider	provider-app/src/screens/doctor/DoctorDashboard.tsx	224	/provider/jobs/	/provider/jobs	API_CANDIDATE_REVIEW
provider	provider-app/src/screens/doctor/DoctorDashboard.tsx	224	/accept	/accept	API_CANDIDATE_REVIEW
provider	provider-app/src/screens/doctor/DoctorDashboard.tsx	234	/provider/jobs/	/provider/jobs	API_CANDIDATE_REVIEW
provider	provider-app/src/screens/doctor/DoctorDashboard.tsx	234	/reject	/reject	API_CANDIDATE_REVIEW
provider	provider-app/src/screens/doctor/DoctorDashboard.tsx	652	/provider/consultation/end	/provider/consultation/end	API_CANDIDATE_REVIEW
provider	provider-app/src/screens/doctor/DoctorDashboard.tsx	1754	/provider/wallet	/provider/wallet	API_CANDIDATE_REVIEW
provider	provider-app/src/screens/doctor/DoctorDashboard.tsx	1757	/provider/wallet/transactions	/provider/wallet/transactions	API_CANDIDATE_REVIEW
provider	provider-app/src/screens/doctor/DoctorDashboard.tsx	1843	/chats/provider	/chats/provider	API_CANDIDATE_REVIEW
provider	provider-app/src/screens/doctor/DoctorDashboard.tsx	2027	/provider/settings/delta	/provider/settings/delta	API_CANDIDATE_REVIEW
provider	provider-app/src/screens/doctor/DoctorDashboard.tsx	2362	/provider/notifications	/provider/notifications	API_CANDIDATE_REVIEW
provider	provider-app/src/screens/doctor/DoctorDashboard.tsx	2378	/provider/directory	/provider/directory	API_CANDIDATE_REVIEW
provider	provider-app/src/screens/doctor/DoctorDashboard.tsx	2789	/provider/capabilities/doctor-sessions	/provider/capabilities/doctor-sessions	API_CANDIDATE_REVIEW
provider	provider-app/src/screens/doctor/DoctorDashboard.tsx	2837	/provider/capabilities/doctor-sessions	/provider/capabilities/doctor-sessions	API_CANDIDATE_REVIEW
provider	provider-app/src/screens/doctor/DoctorDashboard.tsx	2865	/provider/capabilities/doctor-sessions	/provider/capabilities/doctor-sessions	API_CANDIDATE_REVIEW
provider	provider-app/src/screens/doctor/DoctorDashboard.tsx	2905	/provider/capabilities/doctor-sessions	/provider/capabilities/doctor-sessions	API_CANDIDATE_REVIEW
provider	provider-app/src/screens/doctor/DoctorDashboard.tsx	3121	/provider/profile	/provider/profile	API_CANDIDATE_REVIEW
provider	provider-app/src/screens/doctor/DoctorDashboard.tsx	3140	/provider/profile	/provider/profile	API_CANDIDATE_REVIEW
provider	provider-app/src/screens/doctor/DoctorDashboard.tsx	3635	/provider/chat/send	/provider/chat/send	API_CANDIDATE_REVIEW
provider	provider-app/src/screens/facility/FacilityAuditLogScreen.tsx	16	/provider/facility/audit-logs	/provider/facility/audit-logs	API_CANDIDATE_REVIEW
provider	provider-app/src/screens/facility/FacilityDashboard.tsx	72	/facility/inbox	/facility/inbox	API_CANDIDATE_REVIEW
provider	provider-app/src/screens/facility/FacilityDashboard.tsx	136	/facility/surgeries/schedule	/facility/surgeries/schedule	API_CANDIDATE_REVIEW
provider	provider-app/src/screens/facility/FacilityDashboard.tsx	248	/provider/facility/subaccounts	/provider/facility/subaccounts	API_CANDIDATE_REVIEW
provider	provider-app/src/screens/facility/FacilityDashboard.tsx	917	/provider/facility/shifts	/provider/facility/shifts	API_CANDIDATE_REVIEW
provider	provider-app/src/screens/facility/FacilityDashboard.tsx	1764	/facility/surgeries/book	/facility/surgeries/book	API_CANDIDATE_REVIEW
provider	provider-app/src/screens/facility/FacilityDashboard.tsx	1967	/provider-deltas	/provider-deltas	API_CANDIDATE_REVIEW
provider	provider-app/src/screens/facility/FacilityDashboard.tsx	1984	/provider-deltas	/provider-deltas	API_CANDIDATE_REVIEW
provider	provider-app/src/screens/facility/FacilityDashboard.tsx	2130	/home-care/bookings/nursing/all	/home-care/bookings/nursing/all	API_CANDIDATE_REVIEW
provider	provider-app/src/screens/facility/FacilityDashboard.tsx	2133	/home-care/providers?availability=now	/home-care/providers	API_CANDIDATE_REVIEW
provider	provider-app/src/screens/facility/FacilityInternalChatScreen.tsx	20	/chat/channels	/chat/channels	API_CANDIDATE_REVIEW
provider	provider-app/src/screens/facility/FacilityPatientTrackerScreen.tsx	16	/provider/facility/patients/active	/provider/facility/patients/active	API_CANDIDATE_REVIEW
provider	provider-app/src/screens/facility/FacilityUnifiedCalendarScreen.tsx	16	/provider/facility/calendar	/provider/facility/calendar	API_CANDIDATE_REVIEW
provider	provider-app/src/screens/lab/LabDashboard.tsx	1381	/provider/capabilities/lab-services	/provider/capabilities/lab-services	API_CANDIDATE_REVIEW
provider	provider-app/src/screens/nursing/NursingDashboard.tsx	227	/home-care/provider/availability	/home-care/provider/availability	API_CANDIDATE_REVIEW
provider	provider-app/src/screens/nursing/NursingDashboard.tsx	359	/nursing/jobs/active	/nursing/jobs/active	API_CANDIDATE_REVIEW
provider	provider-app/src/screens/nursing/NursingDashboard.tsx	507	/provider/nursing/checklist	/provider/nursing/checklist	API_CANDIDATE_REVIEW
provider	provider-app/src/screens/nursing/NursingDashboard.tsx	720	/nursing/notes	/nursing/notes	API_CANDIDATE_REVIEW
provider	provider-app/src/screens/nursing/NursingDashboard.tsx	845	/provider/nursing/supplies	/provider/nursing/supplies	API_CANDIDATE_REVIEW
provider	provider-app/src/screens/nursing/NursingDashboard.tsx	851	/home-care/inventory/request	/home-care/inventory/request	API_CANDIDATE_REVIEW
provider	provider-app/src/screens/nursing/NursingDashboard.tsx	978	/provider-deltas	/provider-deltas	API_CANDIDATE_REVIEW
provider	provider-app/src/screens/nursing/NursingDashboard.tsx	1074	/provider-deltas	/provider-deltas	API_CANDIDATE_REVIEW
provider	provider-app/src/screens/nursing/NursingDashboard.tsx	1166	/provider-deltas	/provider-deltas	API_CANDIDATE_REVIEW
provider	provider-app/src/screens/nursing/NursingDashboard.tsx	1260	/nursing/coverage/verify-gps	/nursing/coverage/verify-gps	API_CANDIDATE_REVIEW
provider	provider-app/src/screens/nursing/NursingDashboard.tsx	1329	/provider-deltas	/provider-deltas	API_CANDIDATE_REVIEW
provider	provider-app/src/screens/nursing/NursingDashboard.tsx	1372	/provider/profile	/provider/profile	API_CANDIDATE_REVIEW
provider	provider-app/src/screens/nursing/NursingDashboard.tsx	1390	/provider/profile	/provider/profile	API_CANDIDATE_REVIEW
provider	provider-app/src/screens/nursing/NursingDashboard.tsx	1489	/provider/schedule/settings	/provider/schedule/settings	API_CANDIDATE_REVIEW
provider	provider-app/src/screens/pharmacy/PharmacyDashboard.tsx	218	/provider/pharmacy/orders/incoming	/provider/pharmacy/orders/incoming	API_CANDIDATE_REVIEW
provider	provider-app/src/screens/pharmacy/PharmacyDashboard.tsx	507	/provider/pharmacy/b2b/voice-to-order	/provider/pharmacy/b2b/voice-to-order	API_CANDIDATE_REVIEW
provider	provider-app/src/screens/pharmacy/PharmacyDashboard.tsx	620	/pharmacy/reports/eod	/pharmacy/reports/eod	API_CANDIDATE_REVIEW
provider	provider-app/src/screens/pharmacy/PharmacyDashboard.tsx	969	/provider-deltas	/provider-deltas	API_CANDIDATE_REVIEW
provider	provider-app/src/screens/radiology/RadiologyDashboard.tsx	390	/provider/capabilities/radiology-services	/provider/capabilities/radiology-services	API_CANDIDATE_REVIEW
provider	provider-app/src/screens/shared/BlueprintScreens.tsx	57	/provider/features/promotions	/provider/features/promotions	API_CANDIDATE_REVIEW
provider	provider-app/src/screens/shared/BlueprintScreens.tsx	133	/provider/features/promotions	/provider/features/promotions	API_CANDIDATE_REVIEW
provider	provider-app/src/screens/shared/BlueprintScreens.tsx	785	/provider/features/referrals	/provider/features/referrals	API_CANDIDATE_REVIEW
provider	provider-app/src/screens/shared/RealScreens.tsx	19	/provider/reviews	/provider/reviews	API_CANDIDATE_REVIEW
provider	provider-app/src/screens/shared/RealScreens.tsx	116	/provider/working-hours	/provider/working-hours	API_CANDIDATE_REVIEW
provider	provider-app/src/screens/shared/RealScreens.tsx	164	/auth/change-password	/auth/change-password	NAVIGATION_OR_TEMPLATE
provider	provider-app/src/screens/shared/RealScreensExtended.tsx	150	/pharmacy/products	/pharmacy/products	API_CANDIDATE_REVIEW
provider	provider-app/src/screens/shared/RealScreensExtended.tsx	205	/pharmacy/shortages/report	/pharmacy/shortages/report	API_CANDIDATE_REVIEW
provider	provider-app/src/screens/shared/SharedScreens.tsx	57	/chats/provider	/chats/provider	API_CANDIDATE_REVIEW
provider	provider-app/src/screens/shared/SharedScreens.tsx	285	/provider/notifications	/provider/notifications	API_CANDIDATE_REVIEW
provider	provider-app/src/screens/shared/SharedScreens.tsx	975	/provider/banks	/provider/banks	API_CANDIDATE_REVIEW
provider	provider-app/src/screens/shared/SharedScreens.tsx	1014	/provider/wallet/withdraw	/provider/wallet/withdraw	API_CANDIDATE_REVIEW
admin	admin-app/web-admin/src/pages/admin/disputes.tsx	30	/admin/disputes	/admin/disputes	API_CANDIDATE_REVIEW
admin	admin-app/web-admin/src/pages/admin/nursing-portal.tsx	15	/admin/nursing/requests	/admin/nursing/requests	API_CANDIDATE_REVIEW
admin	admin-app/web-admin/src/pages/admin/provider-audits.tsx	13	/admin/provider-deltas/pending	/admin/provider-deltas/pending	API_CANDIDATE_REVIEW
admin	admin-app/web-admin/src/pages/admin/users-management.tsx	16	/admin/users	/admin/users	API_CANDIDATE_REVIEW
