file	line	method	endpoint	source
admin-app/web-admin/src/pages/admin/audit-logs.tsx	28	GET	/admin/governance/audit-logs	apiFetch
admin-app/web-admin/src/pages/admin/disputes.tsx	30	GET	/admin/disputes	apiFetch
admin-app/web-admin/src/pages/admin/nursing-portal.tsx	15	POST	/admin/nursing/requests	apiFetch
admin-app/web-admin/src/pages/admin/nursing-portal.tsx	29	POST	/admin/nursing/requests/${requestId}/assign	apiFetch
admin-app/web-admin/src/pages/admin/provider-audits.tsx	13	POST	/admin/provider-deltas/pending	apiFetch
admin-app/web-admin/src/pages/admin/provider-audits.tsx	22	POST	/admin/provider-deltas/${id}/approve	apiFetch
admin-app/web-admin/src/pages/admin/provider-audits.tsx	32	POST	/admin/provider-deltas/${id}/reject	apiFetch
admin-app/web-admin/src/pages/admin/users-management.tsx	16	POST	/admin/users	apiFetch
admin-app/web-admin/src/pages/admin/users-management.tsx	29	POST	/admin/users/${id}/ban	apiFetch
patient-app/app/(auth)/forgot-password.tsx	31	POST	/auth/send-otp	apiFetch
patient-app/app/(auth)/login.tsx	100	POST	/auth/social-login	apiFetch
patient-app/app/(auth)/login.tsx	158	POST	/auth/login	apiFetch
patient-app/app/(auth)/otp.tsx	78	POST	/auth/verify-otp	apiFetch
patient-app/app/(auth)/otp.tsx	96	POST	/auth/register	apiFetch
patient-app/app/(auth)/register.tsx	121	POST	/auth/social-login	apiFetch
patient-app/app/(auth)/register.tsx	175	POST	/auth/send-otp	apiFetch
patient-app/app/(auth)/reset-password.tsx	33	POST	/auth/reset-password	apiFetch
patient-app/app/(auth)/welcome.tsx	32	POST	/auth/guest	apiFetch
patient-app/app/(tabs)/consultations/index.tsx	83	GET	/providers?type=doctor	apiFetch
patient-app/app/(tabs)/diagnostics.tsx	56	GET	/labs/packages	apiFetch
patient-app/app/(tabs)/diagnostics.tsx	57	GET	/labs/services	apiFetch
patient-app/app/(tabs)/diagnostics.tsx	58	GET	/radiology/services	apiFetch
patient-app/app/(tabs)/diagnostics.tsx	59	GET	/providers?type=lab	apiFetch
patient-app/app/(tabs)/health.tsx	97	GET	/health/vitals/summary	apiFetch
patient-app/app/(tabs)/health.tsx	98	GET	/users/me/profile	apiFetch
patient-app/app/(tabs)/health.tsx	99	GET	/home/upcoming-appointment	apiFetch
patient-app/app/(tabs)/health.tsx	107	GET	"/nutrition/daily-summary?date=${new Date().toISOString().split(""T"")[0]}"	apiFetch
patient-app/app/(tabs)/index.tsx	84	GET	/home/offers	apiFetch
patient-app/app/(tabs)/index.tsx	85	GET	/home/upcoming-appointment	apiFetch
patient-app/app/(tabs)/index.tsx	86	GET	/users/me/profile	apiFetch
patient-app/app/(tabs)/nursing.tsx	54	GET	/home-care/services	apiFetch
patient-app/app/(tabs)/nursing.tsx	55	GET	/home-care/packages	apiFetch
patient-app/app/(tabs)/pharmacy.tsx	72	GET	/medicines/categories	apiFetch
patient-app/app/(tabs)/pharmacy.tsx	126	GET	/medicines?${q.toString()}	apiFetch
patient-app/app/community/hub.tsx	39	GET	/community/posts?page=1&limit=20	apiFetch
patient-app/app/community/post-detail.tsx	49	PUT	/community/posts/${postId}	apiFetch
patient-app/app/community/post-detail.tsx	64	PUT	/community/posts/${postId}/vote	apiFetch
patient-app/app/community/post-detail.tsx	78	POST	/community/posts/${postId}/comment	apiFetch
patient-app/app/consultations/appointment-detail.tsx	153	POST	/patient/pay-copay	apiFetch
patient-app/app/consultations/booking-confirm.tsx	77	GET	/insurance/coverage-check?provider_id=${encodeURIComponent(String(params.doctorId))}&service_type=consultation	apiFetch
patient-app/app/consultations/call-history.tsx	48	GET	/calls/history?page=${pageNum}&limit=20	apiFetch
patient-app/app/consultations/chat-with-doctor.tsx	39	GET	/care/doctors/${doctorId}	apiFetch
patient-app/app/consultations/chat-with-doctor.tsx	43	GET	/chat/history/${doctorId}	apiFetch
patient-app/app/consultations/chat-with-doctor.tsx	87	POST	/chat/send	apiFetch
patient-app/app/consultations/clinic-location.tsx	32	GET	/care/appointments/${appointmentId}	apiFetch
patient-app/app/consultations/doctor-profile.tsx	92	POST	/care/appointments/waitlist/join	apiFetch
patient-app/app/consultations/doctor-search.tsx	43	GET	/care/doctors?${qs.toString()}	apiFetch
patient-app/app/consultations/doctor/[id].tsx	75	GET	/care/doctors/${encodeURIComponent(id || 'd1')}	apiFetch
patient-app/app/consultations/follow-up.tsx	27	POST	/consultations/${consultationId}	apiFetch
patient-app/app/consultations/follow-up.tsx	41	POST	/consultations/${consultationId}/messages	apiFetch
patient-app/app/consultations/home-visit-tracking.tsx	29	GET	/care/appointments/${appointmentId}	apiFetch
patient-app/app/consultations/incoming-call.tsx	64	POST	/calls/${sessionId}/reject	apiFetch
patient-app/app/consultations/offer/[id].tsx	43	GET	/promotions/offers/${id}/providers	apiFetch
patient-app/app/consultations/post-call-rating.tsx	47	POST	/care/appointments/rating	apiFetch
patient-app/app/consultations/prescription-from-doctor.tsx	39	GET	/prescriptions/active	apiFetch
patient-app/app/consultations/specialty-select.tsx	37	GET	/care/specialties	apiFetch
patient-app/app/consultations/video-call.tsx	47	GET	/care/appointments/${appointmentId}/video-token	apiFetch
patient-app/app/consultations/virtual-waiting-room.tsx	45	GET	/care/appointments/${appointmentId}	apiFetch
patient-app/app/consultations/waiting-room.tsx	29	GET	/care/appointments/${appointmentId}	apiFetch
patient-app/app/delivery/address-select.tsx	35	GET	/users/me/addresses	apiFetch
patient-app/app/diagnostics/booking-confirm.tsx	91	POST	/cart/clear	apiFetch
patient-app/app/diagnostics/booking-confirm.tsx	96	POST	/cart/clear	apiFetch
patient-app/app/diagnostics/cart.tsx	30	GET	/labs/compatible-providers?testIds=${ids}	apiFetch
patient-app/app/diagnostics/insurance-approval.tsx	37	GET	/orders/${orderId}	apiFetch
patient-app/app/diagnostics/insurance-approval.tsx	78	PATCH	/orders/${orderId}/items/${item.id}/opt-in-cash	apiFetch
patient-app/app/diagnostics/insurance-upload.tsx	58	GET	/providers?type=lab	apiFetch
patient-app/app/diagnostics/insurance-upload.tsx	294	POST	/orders/create	apiFetch
patient-app/app/diagnostics/lab-comparison.tsx	33	GET	/labs/services/${id}	apiFetch
patient-app/app/diagnostics/lab-comparison.tsx	34	GET	/labs/compatible-providers?testIds=${id}	apiFetch
patient-app/app/diagnostics/lab/[id].tsx	27	GET	/providers/${id}	apiFetch
patient-app/app/diagnostics/lab/[id].tsx	28	GET	/labs/services?providerId=${id}	apiFetch
patient-app/app/diagnostics/order/[id].tsx	36	POST	/orders/mine	apiFetch
patient-app/app/diagnostics/order/[id].tsx	54	POST	/orders/mine	apiFetch
patient-app/app/diagnostics/order/[id].tsx	69	GET	/orders/mine	apiFetch
patient-app/app/diagnostics/orders.tsx	28	GET	/labs/bookings/mine	apiFetch
patient-app/app/diagnostics/package-detail.tsx	26	GET	/labs/packages/${id}	apiFetch
patient-app/app/diagnostics/packages.tsx	27	GET	/labs/packages	apiFetch
patient-app/app/diagnostics/packages.tsx	28	GET	/labs/categories	apiFetch
patient-app/app/diagnostics/search.tsx	28	GET	/labs/services	apiFetch
patient-app/app/diagnostics/technician-tracking.tsx	34	GET	/labs/bookings/${bookingId}	apiFetch
patient-app/app/drug-scanner/index.tsx	35	POST	/health/medications	apiFetch
patient-app/app/drug-scanner/index.tsx	47	POST	/ai/drug-interactions	apiFetch
patient-app/app/emergency/sos-active.tsx	24	GET	/emergency/my-active	apiFetch
patient-app/app/emergency/tracking.tsx	31	GET	/emergency/tracking	apiFetch
patient-app/app/family/calendar.tsx	55	GET	/family/calendar	apiFetch
patient-app/app/family/calendar.tsx	84	POST	/family/calendar/event	apiFetch
patient-app/app/family/calendar.tsx	124	DELETE	/family/calendar/event/${id}	apiFetch
patient-app/app/family/chat.tsx	35	GET	/family/chat/messages	apiFetch
patient-app/app/family/hub.tsx	84	GET	/family/members	apiFetch
patient-app/app/family/invite.tsx	28	POST	/family/invite	apiFetch
patient-app/app/family/join.tsx	32	POST	/family/join	apiFetch
patient-app/app/family/member-health.tsx	46	GET	/family/member-health/${memberId}	apiFetch
patient-app/app/family/permission-request.tsx	22	GET	/family/permissions/pending	apiFetch
patient-app/app/family/permission-request.tsx	49	PUT	/family/permissions/respond/${requestInfo._id || requestInfo.id}	apiFetch
patient-app/app/family/permissions.tsx	133	POST	/family/permissions/request	apiFetch
patient-app/app/family/permissions.tsx	165	DELETE	/family/remove-member/${memberId}	apiFetch
patient-app/app/family/shared-calendar.tsx	54	GET	/family/calendar	apiFetch
patient-app/app/family/shared-calendar.tsx	83	POST	/family/calendar/event	apiFetch
patient-app/app/family/shared-calendar.tsx	124	DELETE	/family/calendar/event/${id}	apiFetch
patient-app/app/health/chronic-disease.tsx	26	GET	/health/chronic-diseases	apiFetch
patient-app/app/health/chronic-disease.tsx	27	GET	/health/vitals	apiFetch
patient-app/app/health/chronic-medications.tsx	24	GET	/health/chronic-meds	apiFetch
patient-app/app/health/edit-profile.tsx	95	PATCH	/users/me/profile	apiFetch
patient-app/app/health/emergency-contacts.tsx	36	GET	/health/emergency-contacts	apiFetch
patient-app/app/health/family-hub.tsx	86	POST	/family/my-group	apiFetch
patient-app/app/health/family-hub.tsx	88	POST	/family/members	apiFetch
patient-app/app/health/family-hub.tsx	105	POST	/family/create	apiFetch
patient-app/app/health/medication-reminder-list.tsx	56	GET	/health/medications/reminders	apiFetch
patient-app/app/health/prescriptions.tsx	28	GET	/health/prescriptions	apiFetch
patient-app/app/health/refills.tsx	30	GET	/medical-profile	apiFetch
patient-app/app/health/reminders.tsx	44	POST	/health/reminders	apiFetch
patient-app/app/health/reminders.tsx	62	POST	/health/reminders/${id}/log	apiFetch
patient-app/app/health/reports.tsx	27	GET	/health/reports	apiFetch
patient-app/app/health/trends.tsx	139	GET	/health/trends	apiFetch
patient-app/app/health/vitals-log.tsx	56	GET	/health/vitals/chart?vital=${vital}	apiFetch
patient-app/app/health/vitals-log.tsx	57	GET	/health/vitals/recent?vital=${vital}	apiFetch
patient-app/app/health/vitals-log.tsx	95	POST	/health/vitals	apiFetch
patient-app/app/health/vitals.tsx	87	GET	/health/vitals/summary	apiFetch
patient-app/app/health/wearables.tsx	37	GET	/health/wearables/devices	apiFetch
patient-app/app/health/wearables.tsx	38	GET	/health/wearables/data	apiFetch
patient-app/app/insurance/add-policy.tsx	33	GET	/insurance/companies	apiFetch
patient-app/app/insurance/benefits-summary.tsx	21	GET	/insurance/benefits-summary	apiFetch
patient-app/app/insurance/claim-tracking.tsx	30	GET	/api/v1/insurance/claims/my	apiFetch
patient-app/app/insurance/copay.tsx	32	POST	/provider/jobs/insurance-copay	apiFetch
patient-app/app/insurance/hub.tsx	101	GET	/users/me/insurance	apiFetch
patient-app/app/insurance/hub.tsx	128	GET	/insurance/claims	apiFetch
patient-app/app/insurance/hub.tsx	167	POST	/insurance/save-policy	apiFetch
patient-app/app/insurance/payment-split.tsx	46	GET	/insurance/coverage-check?service_type=${SERVICE.serviceType}	apiFetch
patient-app/app/insurance/payment-split.tsx	79	POST	/insurance/payment-confirm	apiFetch
patient-app/app/insurance/submit-claim.tsx	32	POST	/insurance/claims/submit	apiFetch
patient-app/app/loyalty/challenges.tsx	28	GET	/loyalty/challenges	apiFetch
patient-app/app/loyalty/hub.tsx	53	GET	/loyalty/account	apiFetch
patient-app/app/loyalty/hub.tsx	57	GET	/loyalty/transactions?page=1	apiFetch
patient-app/app/loyalty/hub.tsx	60	GET	/loyalty/config	apiFetch
patient-app/app/loyalty/hub.tsx	66	GET	/loyalty/rewards	apiFetch
patient-app/app/loyalty/rewards.tsx	37	GET	/loyalty/account	apiFetch
patient-app/app/loyalty/rewards.tsx	40	GET	/loyalty/rewards	apiFetch
patient-app/app/loyalty/rewards.tsx	66	POST	/loyalty/rewards/${reward.id}/claim	apiFetch
patient-app/app/map/index.tsx	170	GET	/providers/map?${query.toString()}	apiFetch
patient-app/app/map/index.tsx	206	GET	/user/insurance	apiFetch
patient-app/app/maternity/baby-development.tsx	358	GET	/maternity/profile	apiFetch
patient-app/app/maternity/baby-growth.tsx	51	POST	/maternity/infant-growth	apiFetch
patient-app/app/maternity/baby-growth.tsx	80	GET	/maternity/profile	apiFetch
patient-app/app/maternity/baby-growth.tsx	92	GET	/maternity/vaccines	apiFetch
patient-app/app/maternity/hub.tsx	64	GET	/maternity/content	apiFetch
patient-app/app/maternity/hub.tsx	66	GET	/maternity/profile	apiFetch
patient-app/app/maternity/hub.tsx	199	POST	/maternity/profile	apiFetch
patient-app/app/maternity/hub.tsx	224	PUT	/maternity/checkups/${encodeURIComponent(week)}/toggle	apiFetch
patient-app/app/maternity/maternity-setup.tsx	176	POST	/maternity/profile	apiFetch
patient-app/app/maternity/ovulation-tracker.tsx	230	POST	/maternity/profile	apiFetch
patient-app/app/maternity/pregnancy-tracker.tsx	45	GET	/maternity/profile	apiFetch
patient-app/app/maternity/pregnancy-tracker.tsx	95	POST	/maternity/kicks	apiFetch
patient-app/app/maternity/pregnancy-tracker.tsx	130	POST	/maternity/contractions	apiFetch
patient-app/app/maternity/pregnancy-tracker.tsx	154	PUT	/maternity/checkups/${encodeURIComponent(week)}/toggle	apiFetch
patient-app/app/mental-health/breathing.tsx	63	POST	/mental-health/breathing	apiFetch
patient-app/app/mental-health/crisis-support.tsx	36	GET	/mental-health/crisis-contacts	apiFetch
patient-app/app/mental-health/crisis-support.tsx	40	GET	/mental-health/hotlines	apiFetch
patient-app/app/mental-health/meditation.tsx	42	GET	/mental-health/meditation/sessions	apiFetch
patient-app/app/mental-health/meditation.tsx	69	POST	/mental-health/meditation	apiFetch
patient-app/app/mental-health/mood-journal.tsx	46	POST	/mental-health/mood?days=7	apiFetch
patient-app/app/mental-health/mood-journal.tsx	59	POST	/mental-health/mood	apiFetch
patient-app/app/mental-health/self-assessment.tsx	26	GET	/mental-health/assessment-questions	apiFetch
patient-app/app/mental-health/self-assessment.tsx	48	POST	/mental-health/assessment	apiFetch
patient-app/app/nursing/live-tracking.tsx	83	GET	/nursing/visits/${bookingId}/tracking	apiFetch
patient-app/app/nursing/nurse-profile.tsx	81	POST	/home-care/providers/${nurseId}	apiFetch
patient-app/app/nursing/nurse-profile.tsx	85	POST	/home-care/insurance/verify	apiFetch
patient-app/app/nursing/nurse-profile.tsx	121	POST	/home-care/bookings	apiFetch
patient-app/app/nursing/service-details.tsx	44	GET	"/home-care/providers?type=${serviceId}&sort=${sortType}&gender=${gender || ""any""}&availability=${availability || ""any""}&nationality=${nationality || ""any""}&search=${search || """"}"	apiFetch
patient-app/app/nutrition/ai-plan-builder.tsx	63	POST	/nutrition/profile	apiFetch
patient-app/app/nutrition/body-composition.tsx	27	GET	/nutrition/profile	apiFetch
patient-app/app/nutrition/body-target.tsx	34	POST	/nutrition/profile	apiFetch
patient-app/app/nutrition/body-target.tsx	47	POST	/nutrition/profile	apiFetch
patient-app/app/nutrition/calorie-analyzer.tsx	61	POST	/nutrition/meals	apiFetch
patient-app/app/nutrition/daily-tracker.tsx	57	POST	/nutrition/water	apiFetch
patient-app/app/nutrition/food-scanner.tsx	70	POST	/nutrition/meals	apiFetch
patient-app/app/nutrition/log-meal.tsx	41	POST	/nutrition/foods	apiFetch
patient-app/app/nutrition/log-meal.tsx	59	POST	/nutrition/meals	apiFetch
patient-app/app/nutrition/water-tracker.tsx	57	POST	/nutrition/water	apiFetch
patient-app/app/pharmacy/barcode-scanner.tsx	25	GET	/patient/pharmacy/medicines/barcode/${encodeURIComponent(data)}	apiFetch
patient-app/app/pharmacy/broadcast-status.tsx	51	GET	/orders/bids/request/${requestId || 'default'}	apiFetch
patient-app/app/pharmacy/broadcast-status.tsx	66	GET	/orders/bids/${pharmacyId}/accept	apiFetch
patient-app/app/pharmacy/chat-with-pharmacist.tsx	54	GET	/chat/history?orderId=${orderId || 'default'}	apiFetch
patient-app/app/pharmacy/checkout.tsx	44	GET	/users/me/profile	apiFetch
patient-app/app/pharmacy/checkout.tsx	117	POST	/patient/pharmacy/orders	apiFetch
patient-app/app/pharmacy/checkout.tsx	120	POST	/patient/pharmacy/orders/${encodeURIComponent(orderId)}/submit	apiFetch
patient-app/app/pharmacy/drug-not-found.tsx	38	GET	/patient/pharmacy/shortage-flags/lookup?generic_name=${encodeURIComponent(name)}	apiFetch
patient-app/app/pharmacy/filters.tsx	69	GET	/medicines/filters	apiFetch
patient-app/app/pharmacy/medicine-compare.tsx	36	GET	/medicines/compare	apiFetch
patient-app/app/pharmacy/order-confirm.tsx	41	POST	/orders/${orderId}	apiFetch
patient-app/app/pharmacy/order-confirm.tsx	56	POST	/orders/${orderId}/approve-basket	apiFetch
patient-app/app/pharmacy/order-confirm.tsx	68	POST	/orders/${orderId}/reject-basket	apiFetch
patient-app/app/pharmacy/order-history.tsx	53	GET	/orders/mine	apiFetch
patient-app/app/pharmacy/order-tracking.tsx	70	GET	/orders/${orderIdStr}/tracking	apiFetch
patient-app/app/pharmacy/payment.tsx	48	GET	/payments/paymob/methods	apiFetch
patient-app/app/pharmacy/payment.tsx	49	GET	/patient/pharmacy/orders/${encodeURIComponent(orderId)}	apiFetch
patient-app/app/pharmacy/payment.tsx	71	POST	/payments/paymob/initiate	apiFetch
patient-app/app/pharmacy/product-detail.tsx	79	GET	/medicines/${id}	apiFetch
patient-app/app/pharmacy/product-detail.tsx	111	GET	/medicines/${id}/alternatives	apiFetch
patient-app/app/pharmacy/reorder.tsx	27	GET	/orders/${orderId}	apiFetch
patient-app/app/pharmacy/reorder.tsx	57	GET	/orders/${orderId}/reorder	apiFetch
patient-app/app/pharmacy/reorder.tsx	59	GET	/orders/${orderId}/reorder-partial	apiFetch
patient-app/app/pharmacy/rx-order.tsx	30	GET	/cart/prescription	apiFetch
patient-app/app/pharmacy/scan-prescription.tsx	77	POST	/ai/prescription-ocr	apiFetch
patient-app/app/pharmacy/waiting-for-pharmacy.tsx	94	GET	/orders/${orderId}	apiFetch
patient-app/app/pharmacy/waiting-for-pharmacy.tsx	130	POST	/orders/${orderId}/cancel	apiFetch
patient-app/app/pharmacy/wishlist.tsx	33	GET	/users/me/wishlist	apiFetch
patient-app/app/pharmacy/wishlist.tsx	42	GET	/users/me/wishlist/${id}	apiFetch
patient-app/app/profile/addresses.tsx	27	PATCH	/users/me/addresses	apiFetch
patient-app/app/profile/addresses.tsx	42	PATCH	/users/me/addresses/${id}	apiFetch
patient-app/app/profile/insurance.tsx	26	GET	/users/me/insurance	apiFetch
patient-app/app/profile/insurance.tsx	165	POST	/users/me/insurance	apiFetch
patient-app/app/programs/active.tsx	34	GET	/medical/programs/active	apiFetch
patient-app/app/programs/active.tsx	60	POST	/medical/programs/complete-session	apiFetch
patient-app/app/reports/passport.tsx	37	GET	/medical-profile	apiFetch
patient-app/app/reports/passport.tsx	38	GET	/patients/passport	apiFetch
patient-app/app/reports/timeline.tsx	42	GET	/reports/timeline	apiFetch
patient-app/app/reports/view-report.tsx	40	GET	/reports/${params.id}	apiFetch
patient-app/app/returns/new-request.tsx	68	POST	/pharmacy/returns	apiFetch
patient-app/app/search/index.tsx	38	GET	/home/search?q=${encodeURIComponent(query)}	apiFetch
patient-app/app/settings/feedback.tsx	38	POST	/support/feedback	apiFetch
patient-app/app/settings/notifications-settings.tsx	108	PATCH	/users/me/notification-settings	apiFetch
patient-app/app/settings/privacy.tsx	45	PATCH	/users/me/privacy-settings	apiFetch
patient-app/app/settings/security.tsx	52	PATCH	/users/me/security-settings	apiFetch
patient-app/app/settings/security.tsx	57	PATCH	/users/me/security-settings	apiFetch
patient-app/app/settings/security.tsx	67	POST	/users/me/change-password	apiFetch
patient-app/app/shared/location-picker.tsx	80	GET	/users/me/addresses	apiFetch
patient-app/app/shared/location-picker.tsx	168	POST	/users/me/addresses	apiFetch
patient-app/app/wallet/cards.tsx	64	GET	/wallet/cards	apiFetch
patient-app/app/wallet/cards.tsx	105	DELETE	/wallet/cards/${cardId}	apiFetch
patient-app/app/wallet/cards.tsx	346	POST	/wallet/cards	apiFetch
patient-app/app/wallet/cards.tsx	361	POST	/wallet/cards	apiFetch
patient-app/app/wallet/hub.tsx	95	GET	/wallet/spending-data	apiFetch
patient-app/app/wallet/topup.tsx	45	POST	/wallet/topup	apiFetch
patient-app/app/wallet/transactions.tsx	38	GET	/wallet/transactions	apiFetch
patient-app/app/wallet/transfer.tsx	61	POST	/wallet/transfer	apiFetch
patient-app/src/context/CartContext.tsx	50	GET	/cart	apiFetch
patient-app/src/context/CartContext.tsx	86	POST	/cart/lines	apiFetch
patient-app/src/context/CartContext.tsx	132	DELETE	/cart/lines/${item.line_id}	apiFetch
patient-app/src/context/CartContext.tsx	152	DELETE	/cart/lines/${item.line_id}	apiFetch
patient-app/src/context/CartContext.tsx	154	PATCH	/cart/lines/${item.line_id}	apiFetch
patient-app/src/context/CartContext.tsx	169	POST	/cart/clear	apiFetch
patient-app/src/context/ConsultationsContext.tsx	24	GET	/care/appointments	apiFetch
patient-app/src/context/SocketContext.tsx	57	POST	/chats/threads/${m.threadId}/messages	apiFetch
patient-app/src/core/events/AuditManager.ts	62	POST	/audit/batch	http-client
patient-app/src/utils/callkeep.ts	72	POST	/calls/${callUUID}/reject	apiFetch
patient-app/src/utils/notifications.ts	60	POST	/push/register	apiFetch
provider-app/src/api/provider.ts	8	POST	/provider-onboarding/start	http-client
provider-app/src/api/provider.ts	14	POST	/provider/auth/login	http-client
provider-app/src/api/provider.ts	37	POST	/storage/upload	http-client
provider-app/src/api/provider.ts	52	POST	/storage/upload	http-client
provider-app/src/api/provider.ts	63	POST	/provider-onboarding/step2	http-client
provider-app/src/api/provider.ts	69	POST	/provider-onboarding/step3	http-client
provider-app/src/api/provider.ts	75	POST	/provider-onboarding/submit	http-client
provider-app/src/components/ui.tsx	902	GET	/provider/profile/image/status	http-client
provider-app/src/components/ui.tsx	925	GET	/provider/profile/image/status	http-client
provider-app/src/components/ui.tsx	986	POST	/provider/profile/image/upload	http-client
provider-app/src/screens/auth/PendingDashboard.tsx	31	POST	/auth/send-otp	http-client
provider-app/src/screens/auth/PendingDashboard.tsx	44	POST	/auth/verify-otp	http-client
provider-app/src/screens/doctor/DoctorDashboard.tsx	192	GET	/provider/jobs/queue?status=incoming&kind=consultation	http-client
provider-app/src/screens/doctor/DoctorDashboard.tsx	202	GET	/provider/jobs/queue?status=active	http-client
provider-app/src/screens/doctor/DoctorDashboard.tsx	210	GET	/provider/stats/today	http-client
provider-app/src/screens/doctor/DoctorDashboard.tsx	224	POST	/provider/jobs/	http-client
provider-app/src/screens/doctor/DoctorDashboard.tsx	234	POST	/provider/jobs/	http-client
provider-app/src/screens/doctor/DoctorDashboard.tsx	247	POST	/provider/jobs/consultation/${insuranceModalReq.id}/insurance	http-client
provider-app/src/screens/doctor/DoctorDashboard.tsx	450	GET	/provider/jobs/queue?status=active&kind=consultation	http-client
provider-app/src/screens/doctor/DoctorDashboard.tsx	652	POST	/provider/consultation/end	http-client
provider-app/src/screens/doctor/DoctorDashboard.tsx	886	GET	/medicines	http-client
provider-app/src/screens/doctor/DoctorDashboard.tsx	931	POST	/prescriptions/create	http-client
provider-app/src/screens/doctor/DoctorDashboard.tsx	1211	POST	/provider/requests/${apt.id}/sick-leave	http-client
provider-app/src/screens/doctor/DoctorDashboard.tsx	1754	GET	/provider/wallet	http-client
provider-app/src/screens/doctor/DoctorDashboard.tsx	1757	GET	/provider/wallet/transactions	http-client
provider-app/src/screens/doctor/DoctorDashboard.tsx	1843	GET	/chats/provider	http-client
provider-app/src/screens/doctor/DoctorDashboard.tsx	1857	GET	/chats/${chat.id}/messages	http-client
provider-app/src/screens/doctor/DoctorDashboard.tsx	1868	POST	/chats/${activeChat.id}/messages	http-client
provider-app/src/screens/doctor/DoctorDashboard.tsx	2027	POST	/provider/settings/delta	http-client
provider-app/src/screens/doctor/DoctorDashboard.tsx	2336	POST	/provider/requests/${apt?.id || 'new'}/medical-report	http-client
provider-app/src/screens/doctor/DoctorDashboard.tsx	2362	GET	/provider/notifications	http-client
provider-app/src/screens/doctor/DoctorDashboard.tsx	2378	GET	/provider/directory	http-client
provider-app/src/screens/doctor/DoctorDashboard.tsx	2789	GET	/provider/capabilities/doctor-sessions	http-client
provider-app/src/screens/doctor/DoctorDashboard.tsx	2837	POST	/provider/capabilities/doctor-sessions	http-client
provider-app/src/screens/doctor/DoctorDashboard.tsx	2865	POST	/provider/capabilities/doctor-sessions	http-client
provider-app/src/screens/doctor/DoctorDashboard.tsx	2880	DELETE	/provider/capabilities/doctor-sessions/${id}	http-client
provider-app/src/screens/doctor/DoctorDashboard.tsx	2905	POST	/provider/capabilities/doctor-sessions	http-client
provider-app/src/screens/doctor/DoctorDashboard.tsx	3121	GET	/provider/profile	http-client
provider-app/src/screens/doctor/DoctorDashboard.tsx	3140	PATCH	/provider/profile	http-client
provider-app/src/screens/doctor/DoctorDashboard.tsx	3635	POST	/provider/chat/send	http-client
provider-app/src/screens/facility/FacilityAuditLogScreen.tsx	16	GET	/provider/facility/audit-logs	http-client
provider-app/src/screens/facility/FacilityDashboard.tsx	72	GET	/facility/inbox	http-client
provider-app/src/screens/facility/FacilityDashboard.tsx	135	GET	/facility/beds/wards	http-client
provider-app/src/screens/facility/FacilityDashboard.tsx	136	GET	/facility/surgeries/schedule	http-client
provider-app/src/screens/facility/FacilityDashboard.tsx	247	GET	/provider/jobs/queue?status=active&kind=appointment&today=true	http-client
provider-app/src/screens/facility/FacilityDashboard.tsx	248	GET	/provider/facility/subaccounts	http-client
provider-app/src/screens/facility/FacilityDashboard.tsx	917	GET	/provider/facility/shifts	http-client
provider-app/src/screens/facility/FacilityDashboard.tsx	1023	GET	/facility/beds/wards/${ward.id}/beds	http-client
provider-app/src/screens/facility/FacilityDashboard.tsx	1037	POST	/facility/beds/admission	http-client
provider-app/src/screens/facility/FacilityDashboard.tsx	1062	PUT	/facility/beds/discharge/${admissionId}	http-client
provider-app/src/screens/facility/FacilityDashboard.tsx	1078	POST	/facility/beds/wards	http-client
provider-app/src/screens/facility/FacilityDashboard.tsx	1226	GET	/provider/jobs/queue?status=active&kind=appointment&today=true	http-client
provider-app/src/screens/facility/FacilityDashboard.tsx	1764	POST	/facility/surgeries/book	http-client
provider-app/src/screens/facility/FacilityDashboard.tsx	1967	POST	/provider-deltas	http-client
provider-app/src/screens/facility/FacilityDashboard.tsx	1984	POST	/provider-deltas	http-client
provider-app/src/screens/facility/FacilityDashboard.tsx	2130	GET	/home-care/bookings/nursing/all	http-client
provider-app/src/screens/facility/FacilityDashboard.tsx	2133	GET	/home-care/providers?availability=now	http-client
provider-app/src/screens/facility/FacilityDashboard.tsx	2150	POST	/home-care/bookings/${selectedBooking.id}/assign	http-client
provider-app/src/screens/facility/FacilityInternalChatScreen.tsx	20	GET	/chat/channels	http-client
provider-app/src/screens/facility/FacilityInternalChatScreen.tsx	27	GET	/chat/messages/${activeChat}	http-client
provider-app/src/screens/facility/FacilityInternalChatScreen.tsx	36	POST	/chat/messages/${activeChat}	http-client
provider-app/src/screens/facility/FacilityLeaveRequestsScreen.tsx	33	GET	/provider/leave-requests	http-client
provider-app/src/screens/facility/FacilityLeaveRequestsScreen.tsx	44	POST	/provider/leave-requests/action	http-client
provider-app/src/screens/facility/FacilityPatientTrackerScreen.tsx	16	GET	/provider/facility/patients/active	http-client
provider-app/src/screens/facility/FacilityUnifiedCalendarScreen.tsx	16	GET	/provider/facility/calendar	http-client
provider-app/src/screens/lab/LabDashboard.tsx	53	GET	/labs/provider/inbox	http-client
provider-app/src/screens/lab/LabDashboard.tsx	222	GET	/labs/provider/inbox	http-client
provider-app/src/screens/lab/LabDashboard.tsx	239	GET	/labs/samples	http-client
provider-app/src/screens/lab/LabDashboard.tsx	363	PATCH	/labs/bookings/${order.id}/state	http-client
provider-app/src/screens/lab/LabDashboard.tsx	372	PATCH	/labs/bookings/${order.id}/state	http-client
provider-app/src/screens/lab/LabDashboard.tsx	385	POST	/labs/bookings/${order.id}/assign-technician	http-client
provider-app/src/screens/lab/LabDashboard.tsx	400	PATCH	/labs/bookings/${order.id}/reschedule	http-client
provider-app/src/screens/lab/LabDashboard.tsx	415	PATCH	/labs/bookings/${order.id}/state	http-client
provider-app/src/screens/lab/LabDashboard.tsx	563	GET	/labs/samples	http-client
provider-app/src/screens/lab/LabDashboard.tsx	578	PATCH	/labs/samples/${sam.id}/stage	http-client
provider-app/src/screens/lab/LabDashboard.tsx	766	PATCH	/labs/samples/${sample.id}/stage	http-client
provider-app/src/screens/lab/LabDashboard.tsx	789	PATCH	/labs/samples/${sample.id}/stage	http-client
provider-app/src/screens/lab/LabDashboard.tsx	822	POST	/labs/bookings/${sample.lab_order_id || sample.id}/upload-report	http-client
provider-app/src/screens/lab/LabDashboard.tsx	823	PATCH	/labs/samples/${sample.id}/stage	http-client
provider-app/src/screens/lab/LabDashboard.tsx	883	GET	/labs/packages	http-client
provider-app/src/screens/lab/LabDashboard.tsx	949	POST	/approval-workflow/requests	http-client
provider-app/src/screens/lab/LabDashboard.tsx	1068	GET	/labs/provider/inbox	http-client
provider-app/src/screens/lab/LabDashboard.tsx	1082	PATCH	/labs/bookings/${selectedOrder.id}/insurance	http-client
provider-app/src/screens/lab/LabDashboard.tsx	1381	GET	/provider/capabilities/lab-services	http-client
provider-app/src/screens/lab/LabDashboard.tsx	1393	POST	/approval-workflow/requests	http-client
provider-app/src/screens/lab/LabDashboard.tsx	1414	POST	/approval-workflow/requests	http-client
provider-app/src/screens/nursing/NursingDashboard.tsx	83	GET	/provider/jobs/queue?kind=nursing&status=incoming	http-client
provider-app/src/screens/nursing/NursingDashboard.tsx	84	GET	/provider/jobs/queue?kind=nursing&status=active	http-client
provider-app/src/screens/nursing/NursingDashboard.tsx	85	GET	/provider/jobs/queue?kind=nursing&status=completed	http-client
provider-app/src/screens/nursing/NursingDashboard.tsx	142	POST	/nursing/visits/${incomingRequest.id}/respond	http-client
provider-app/src/screens/nursing/NursingDashboard.tsx	152	POST	/nursing/visits/${incomingRequest.id}/respond	http-client
provider-app/src/screens/nursing/NursingDashboard.tsx	227	POST	/home-care/provider/availability	http-client
provider-app/src/screens/nursing/NursingDashboard.tsx	359	GET	/nursing/jobs/active	http-client
provider-app/src/screens/nursing/NursingDashboard.tsx	421	POST	/home-care/bookings/${order.id}/respond	http-client
provider-app/src/screens/nursing/NursingDashboard.tsx	432	POST	/home-care/bookings/${order.id}/respond	http-client
provider-app/src/screens/nursing/NursingDashboard.tsx	507	GET	/provider/nursing/checklist	http-client
provider-app/src/screens/nursing/NursingDashboard.tsx	574	POST	/home-care/bookings/${order.id}/check-in	http-client
provider-app/src/screens/nursing/NursingDashboard.tsx	720	POST	/nursing/notes	http-client
provider-app/src/screens/nursing/NursingDashboard.tsx	766	POST	/home-care/bookings/${order.id}/visit-report	http-client
provider-app/src/screens/nursing/NursingDashboard.tsx	845	GET	/provider/nursing/supplies	http-client
provider-app/src/screens/nursing/NursingDashboard.tsx	851	POST	/home-care/inventory/request	http-client
provider-app/src/screens/nursing/NursingDashboard.tsx	978	POST	/provider-deltas	http-client
provider-app/src/screens/nursing/NursingDashboard.tsx	1074	POST	/provider-deltas	http-client
provider-app/src/screens/nursing/NursingDashboard.tsx	1166	POST	/provider-deltas	http-client
provider-app/src/screens/nursing/NursingDashboard.tsx	1260	POST	/nursing/coverage/verify-gps	http-client
provider-app/src/screens/nursing/NursingDashboard.tsx	1329	POST	/provider-deltas	http-client
provider-app/src/screens/nursing/NursingDashboard.tsx	1372	GET	/provider/profile	http-client
provider-app/src/screens/nursing/NursingDashboard.tsx	1390	PATCH	/provider/profile	http-client
provider-app/src/screens/nursing/NursingDashboard.tsx	1489	POST	/provider/schedule/settings	http-client
provider-app/src/screens/nursing/NursingFieldOps.tsx	67	POST	/nursing/visits/${order.id}/${endpoint}	http-client
provider-app/src/screens/pharmacy/PharmacyDashboard.tsx	218	GET	/provider/pharmacy/orders/incoming	http-client
provider-app/src/screens/pharmacy/PharmacyDashboard.tsx	248	POST	/provider/pharmacy/orders/${orderId}/accept	http-client
provider-app/src/screens/pharmacy/PharmacyDashboard.tsx	269	POST	/provider/pharmacy/orders/${rejectOrderId}/reject	http-client
provider-app/src/screens/pharmacy/PharmacyDashboard.tsx	373	GET	/pharmacy/prescriptions/${rxNumber}	http-client
provider-app/src/screens/pharmacy/PharmacyDashboard.tsx	404	POST	/insurance/claims/submit	http-client
provider-app/src/screens/pharmacy/PharmacyDashboard.tsx	507	POST	/provider/pharmacy/b2b/voice-to-order	http-client
provider-app/src/screens/pharmacy/PharmacyDashboard.tsx	620	POST	/pharmacy/reports/eod	http-client
provider-app/src/screens/pharmacy/PharmacyDashboard.tsx	969	POST	/provider-deltas	http-client
provider-app/src/screens/radiology/RadiologyDashboard.tsx	88	GET	/radiology/provider/inbox	http-client
provider-app/src/screens/radiology/RadiologyDashboard.tsx	138	GET	/radiology/provider/inbox	http-client
provider-app/src/screens/radiology/RadiologyDashboard.tsx	189	GET	/radiology/bookings/${order.id}	http-client
provider-app/src/screens/radiology/RadiologyDashboard.tsx	192	POST	/radiology/bookings/${currentOrder.id}/${action}	http-client
provider-app/src/screens/radiology/RadiologyDashboard.tsx	200	POST	/radiology/bookings/${currentOrder.id}/insurance-approval	http-client
provider-app/src/screens/radiology/RadiologyDashboard.tsx	207	POST	/radiology/bookings/${currentOrder.id}/abort	http-client
provider-app/src/screens/radiology/RadiologyDashboard.tsx	247	PATCH	/radiology/bookings/${currentOrder.id}/state	http-client
provider-app/src/screens/radiology/RadiologyDashboard.tsx	249	PATCH	/radiology/bookings/${currentOrder.id}/state	http-client
provider-app/src/screens/radiology/RadiologyDashboard.tsx	303	POST	/radiology/bookings/${order.id}/upload-report	http-client
provider-app/src/screens/radiology/RadiologyDashboard.tsx	312	POST	/radiology/bookings/${order.id}/submit-report-for-review	http-client
provider-app/src/screens/radiology/RadiologyDashboard.tsx	318	POST	/radiology/bookings/${order.id}/approve-report	http-client
provider-app/src/screens/radiology/RadiologyDashboard.tsx	390	GET	/provider/capabilities/radiology-services	http-client
provider-app/src/screens/radiology/RadiologyDashboard.tsx	395	POST	/radiology/catalog/delta-request	http-client
provider-app/src/screens/radiology/RadiologyDashboard.tsx	467	POST	/radiology/catalog/delta-request	http-client
provider-app/src/screens/shared/BlueprintScreens.tsx	57	GET	/provider/features/promotions	http-client
provider-app/src/screens/shared/BlueprintScreens.tsx	133	POST	/provider/features/promotions	http-client
provider-app/src/screens/shared/BlueprintScreens.tsx	509	GET	/provider/features/crm/patients/${pat.id}	http-client
provider-app/src/screens/shared/BlueprintScreens.tsx	531	PATCH	/provider/features/crm/patients/${selectedPat.id}	http-client
provider-app/src/screens/shared/BlueprintScreens.tsx	785	POST	/provider/features/referrals	http-client
provider-app/src/screens/shared/LiveKitRoomProvider.tsx	47	POST	/calls/${roomId}/join	apiFetch
provider-app/src/screens/shared/PharmacyChatResponder.tsx	23	GET	/pharmacy/chat/threads/${threadId}/messages	apiFetch
provider-app/src/screens/shared/ProviderHome.tsx	18	GET	/pharmacy/orders/pending	apiFetch
provider-app/src/screens/shared/ProviderHome.tsx	21	GET	/calls/provider/waiting-room	apiFetch
provider-app/src/screens/shared/RealScreens.tsx	19	GET	/provider/reviews	http-client
provider-app/src/screens/shared/RealScreens.tsx	27	POST	/provider/reviews/${id}/reply	http-client
provider-app/src/screens/shared/RealScreens.tsx	116	PUT	/provider/working-hours	http-client
provider-app/src/screens/shared/RealScreens.tsx	164	POST	/auth/change-password	http-client
provider-app/src/screens/shared/RealScreens.tsx	260	POST	/support/tickets	http-client
provider-app/src/screens/shared/RealScreensExtended.tsx	150	POST	/pharmacy/products	http-client
provider-app/src/screens/shared/RealScreensExtended.tsx	205	POST	/pharmacy/shortages/report	http-client
provider-app/src/screens/shared/SharedScreens.tsx	57	GET	/chats/provider	http-client
provider-app/src/screens/shared/SharedScreens.tsx	141	GET	/chats/${conv.id}/messages	http-client
provider-app/src/screens/shared/SharedScreens.tsx	163	POST	/chats/${conv.id}/messages	http-client
provider-app/src/screens/shared/SharedScreens.tsx	285	GET	/provider/notifications	http-client
provider-app/src/screens/shared/SharedScreens.tsx	424	POST	/support/tickets	http-client
provider-app/src/screens/shared/SharedScreens.tsx	817	GET	/provider/dashboard/stats?period=${period}	http-client
provider-app/src/screens/shared/SharedScreens.tsx	975	GET	/provider/banks	http-client
provider-app/src/screens/shared/SharedScreens.tsx	1014	POST	/provider/wallet/withdraw	http-client
provider-app/src/screens/shared/SharedScreens.tsx	2219	GET	/nursing/wallet?provider_id=${user?.id}	http-client
provider-app/src/utils/notifications.ts	56	POST	/push/register	apiFetch
