mobile_file	domain	web_route_candidates	nav_markers	action_markers	http_methods	status	endpoint_markers
(auth)/_layout.tsx	(auth)		0	0		missing-or-merged-route-review	// | /Stack
(auth)/forgot-password.tsx	(auth)		1	3	POST	missing-or-merged-route-review	/../src/components/Icon | /../src/components/LocalizedAlert | /../src/components/LocalizedText | /../src/components/ui | /../src/context/AppContext | /../src/utils/api | // | /AppText | /KeyboardAvoidingView | /LocalizedText | /TouchableOpacity | /View | /auth/send-otp | /otp
(auth)/login.tsx	(auth)	/[locale]/login	7	10	POST	partial-route-contract-review	/../src/components/LocalizedText | /../src/constants | /../src/context/AppContext | /../src/theme/colors | /../src/utils/api | /../src/utils/jwt | // | //accounts.snapchat.com/accounts/oauth2/auth | //accounts.snapchat.com/accounts/oauth2/token | //api.twitter.com/2/oauth2/token | //auth.snapchat.com/oauth2/api/user.display_name | //twitter.com/i/oauth2/authorize | /KeyboardAvoidingView | /LocalizedText | /ScrollView | /Svg | /TouchableOpacity | /View | /async-storage | /auth/login | /auth/social-login | /forgot-password | /otp | /provider-info | /providers/google | /register | /vector-icons | /}
(auth)/otp.tsx	(auth)		3	4	POST	missing-or-merged-route-review	/../src/components/LocalizedAlert | /../src/components/LocalizedText | /../src/constants | /../src/context/AppContext | /../src/store/slices/authSlice | /../src/theme/colors | /../src/utils/api | /../src/utils/jwt | // | /KeyboardAvoidingView | /LocalizedText | /SafeAreaView | /ScrollView | /TouchableOpacity | /View | /async-storage | /auth/convert-guest | /auth/register | /auth/verify-otp | /provider-info | /reset-password
(auth)/privacy.tsx	(auth)		0	1		missing-or-merged-route-review	/../src/components/LocalizedText | /../src/context/AppContext | /../src/theme/colors | /../src/utils/api | // | /LocalizedText | /ScrollView | /TouchableOpacity | /View | /legal/policy/privacy_policy?lang=${AR
(auth)/provider-info.tsx	(auth)		2	2		missing-or-merged-route-review	/../src/components/Icon | /../src/components/ui | /../src/context/AppContext | // | /AppText | /TouchableOpacity | /View | /login
(auth)/register.tsx	(auth)		6	11	POST	missing-or-merged-route-review	/../src/components/LocalizedText | /../src/constants | /../src/context/AppContext | /../src/theme/colors | /../src/utils/api | /../src/utils/jwt | // | //accounts.snapchat.com/accounts/oauth2/auth | //accounts.snapchat.com/accounts/oauth2/token | //api.twitter.com/2/oauth2/token | //auth.snapchat.com/oauth2/api/user.display_name | //twitter.com/i/oauth2/authorize | /KeyboardAvoidingView | /LocalizedText | /ScrollView | /TouchableOpacity | /View | /async-storage | /auth/send-otp | /auth/social-login | /g | /login | /otp | /privacy | /provider-info | /providers/google | /terms | /vector-icons | /}
(auth)/reset-password.tsx	(auth)		1	3	POST	missing-or-merged-route-review	/../src/components/Icon | /../src/components/LocalizedAlert | /../src/components/ui | /../src/context/AppContext | /../src/utils/api | // | /AppText | /KeyboardAvoidingView | /View | /auth/reset-password | /login
(auth)/terms.tsx	(auth)		0	1		missing-or-merged-route-review	/../src/components/LocalizedText | /../src/context/AppContext | /../src/theme/colors | /../src/utils/api | // | /LocalizedText | /ScrollView | /TouchableOpacity | /View | /legal/policy/patient_terms?lang=${AR
(auth)/welcome.tsx	(auth)		8	12	POST	missing-or-merged-route-review	/../src/components/LocalizedText | /../src/constants | /../src/context/AppContext | /../src/store/slices/authSlice | /../src/theme/colors | /../src/utils/api | /../src/utils/deviceId | // | /Animated.View | /LocalizedText | /Modal | /SafeAreaView | /Svg | /TouchableOpacity | /View | /async-storage | /auth/guest | /login | /register | /vector-icons | /}
(onboarding)/_layout.tsx	(onboarding)		0	0		missing-or-merged-route-review	// | /Stack
(onboarding)/index.tsx	(onboarding)		2	2		missing-or-merged-route-review	/../src/components/Icon | /../src/components/ui | /../src/constants | /../src/context/AppContext | /../src/theme | // | /Animated.View | /AppText | /TouchableOpacity | /View | /async-storage | /language | /}
(onboarding)/language.tsx	(onboarding)		1	2		missing-or-merged-route-review	/../src/components/Icon | /../src/components/NabdahLogo | /../src/components/ui | /../src/context/AppContext | // | /Animated.View | /AppText | /ScrollView | /TouchableOpacity | /View | /welcome
(onboarding)/permissions.tsx	(onboarding)		1	3		missing-or-merged-route-review	/../src/components/Icon | /../src/components/ui | /../src/constants | /../src/context/AppContext | // | /AppText | /Card | /ScrollView | /TouchableOpacity | /View | /async-storage | /welcome
(tabs)/_layout.tsx	(tabs)		0	0		missing-or-merged-route-review	/../src/components/BottomNavBar | /../src/components/Header | // | /Tabs | /index
(tabs)/consultations/index.tsx	(tabs)		8	31		missing-or-merged-route-review	/../../src/components/Icon | /../../src/components/LocalizedText | /../../src/context/AppContext | /../../src/theme/colors | /../../src/utils/api | /../../src/utils/localize | // | /LocalizedText | /Modal | /ScrollView | /TouchableOpacity | /View | /ai-assistant | /care/specialties | /consultations/doctor-search | /consultations/doctor/${params?.doc?.id | /consultations/specialty-select | /counts | /g | /home/offers | /insurance/companies | /insurance/companies/${insCompany}/networks | /offers | /offers/${p.id} | /providers?type=doctor | /}
(tabs)/diagnostics.tsx	(tabs)	/[locale]/diagnostics	11	21		partial-route-only	/../src/components/ui | /../src/context/AppContext | /../src/context/DiagnosticsCartContext | /../src/utils/api | /../src/utils/labMappers | /../src/utils/selectedAddress | // | /Animated.View | /AppText | /SafeAreaView | /ScrollView | /TouchableOpacity | /View | /delivery/address-select | /diagnostics/cart | /diagnostics/checkout | /diagnostics/insurance-upload | /diagnostics/lab/${lab.id} | /diagnostics/orders | /diagnostics/package-detail?id=${pkg.id}&serviceType=${serviceType} | /diagnostics/packages | /diagnostics/test-detail?id=${rad.id}&isRadiology=true | /diagnostics/test-detail?id=${test.id} | /labs/packages | /labs/services | /providers?type=lab | /radiology/services | /vector-icons/MaterialCommunityIcons | /}
(tabs)/health.tsx	(tabs)	/[locale]/health	9	7		partial-route-only	/../src/components/Icon | /../src/components/ui | /../src/context/AppContext | /../src/utils/api | // | /Animated.ScrollView | /Animated.View | /AppText | /Card | /TouchableOpacity | /View | /articles | /consultations/appointments | /consultations/waiting-room | /health/edit-profile | /health/family-chat | /health/family-hub | /health/health-id | /health/medications | /health/prescriptions | /health/reports | /health/score | /health/smart-reminders | /health/vitals | /health/vitals/summary | /home/upcoming-appointment | /loyalty/hub | /nursing | /nutrition/daily-summary?date=${new | /}
(tabs)/index.tsx	(tabs)		19	19		missing-or-merged-route-review	/../src/components/Icon | /../src/components/ui | /../src/context/AppContext | /../src/i18n/health-day | /../src/utils/api | /Animated.View | /AppText | /Card | /ScrollView | /TouchableOpacity | /View | /ai/triage | /consultations | /consultations/appointment-detail | /consultations/appointments | /diagnostics | /emergency/sos | /health | /health/medication-reminder-list | /health/reminders | /health/vitals | /health/vitals/summary | /home/upcoming-appointment | /maternity/hub | /maternity/profile | /mental-health/mood-journal | /mental-health/mood?days=1 | /notifications | /nutrition/daily-summary | /nutrition/daily-tracker | /pharmacy | /profile | /users/me/profile
(tabs)/nursing.tsx	(tabs)		2	18		missing-or-merged-route-review	/../src/components/LocalizedText | /../src/context/AppContext | /../src/utils/api | /../src/utils/localize | // | /BlurView | /ImageBackground | /LocalizedText | /Modal | /ScrollView | /Svg | /TouchableOpacity | /TouchableWithoutFeedback | /View | /home-care/packages | /home-care/services | /nursing/service-details | /nursing/service-info | /}
(tabs)/pharmacy.tsx	(tabs)		8	16		missing-or-merged-route-review	/../src/components/Icon | /../src/components/LocalizedAlert | /../src/components/LocalizedText | /../src/context/AppContext | /../src/context/CartContext | /../src/theme/colors | /../src/utils/api | /../src/utils/localize | // | /Animated.View | /LocalizedText | /ScrollView | /TouchableOpacity | /View | /async-storage | /components/ProductImage | /components/RotatingCardImage | /medicines/categories | /medicines?${q.toString | /pharmacy.tsx | /pharmacy/barcode-scanner | /pharmacy/cart | /pharmacy/filters | /pharmacy/manual-order | /pharmacy/order-history | /pharmacy/product-detail | /pharmacy/scan-prescription | /utils/imageUrl | /utils/productNav | /}
(tabs)/services.tsx	(tabs)	/[locale]/home-care/services	2	2		partial-route-only	/../src/components/Icon | /../src/components/ui | /../src/context/AppContext | // | /AppText | /Card | /ScrollView | /View | /consultations/specialty-select | /diagnostics | /diagnostics/packages | /emergency/sos | /maternity/pregnancy-tracker | /mental-health/hub | /nursing | /nutrition/hub | /}
_layout.tsx	_layout.tsx		0	2	POST	missing-or-merged-route-review	// | /AppProvider | /CartProvider | /ConsultationsProvider | /DiagnosticsCartProvider | /GestureHandlerRootView | /Provider | /SafeAreaProvider | /SocketProvider | /Stack | /StoreHydrator | /[id] | /_layout.tsx | /assets/fonts/Cairo-Black.ttf | /assets/fonts/Cairo-Bold.ttf | /assets/fonts/Cairo-ExtraBold.ttf | /assets/fonts/Cairo-Medium.ttf | /assets/fonts/Cairo-Regular.ttf | /assets/fonts/Cairo-SemiBold.ttf | /assets/fonts/MaterialSymbolsRounded.ttf | /async-storage | /auth/guest | /bookings/history | /location-picker | /react-native | /src/components/NotificationHandler | /src/components/OfflineBanner | /src/constants | /src/context/AppContext | /src/context/CartContext | /src/context/ConsultationsContext | /src/context/DiagnosticsCartContext | /src/context/SocketContext | /src/data/database/core/DatabaseManager | /src/data/sync/BackgroundSynchronizer | /src/data/sync/SyncManager | /src/polyfills | /src/store | /src/store/slices/authSlice | /src/utils/api
ai/chat-doctor.tsx	ai		0	0		missing-or-merged-route-review	/ai/triage
ai/monthly-report.tsx	ai		5	7		missing-or-merged-route-review	/../src/components/Icon | /../src/components/ui | /../src/context/AppContext | /../src/utils/api | /../src/utils/localize | /../src/utils/monthly-health-report-contract | // | /100 | /AppText | /ScrollView | /TouchableOpacity | /View | /ai/monthly-report | /ai/monthly-report.tsx | /care/appointments | /consultations | /health/chronic-meds | /health/trends | /health/vitals-log | /health/vitals/summary | /utils/dates | /}
ai/prescription-translator.tsx	ai		5	10	POST	missing-or-merged-route-review	/../src/components/Icon | /../src/components/LocalizedAlert | /../src/components/ui | /../src/context/AppContext | /../src/utils/api | /../src/utils/localize | // | /AppText | /Card | /ScrollView | /TouchableOpacity | /View | /ai/ocr-translate | /consultations/share-report | /health/medication-reminder-add | /pharmacy | /pharmacy/product-detail | /}
ai/skin-analysis.tsx	ai		1	8	POST	missing-or-merged-route-review	/../src/components/Icon | /../src/components/ui | /../src/context/AppContext | /../src/i18n/guided-care | /../src/utils/api | /AppText | /ScrollView | /TouchableOpacity | /View | /ai/skin-analysis | /consultations
ai/symptom-checker.tsx	ai		0	0		missing-or-merged-route-review	/ai/triage
ai/symptom-timeline.tsx	ai		0	0		missing-or-merged-route-review	/ai/triage
ai/triage.tsx	ai		1	7	POST	missing-or-merged-route-review	/../src/components/Icon | /../src/components/ui | /../src/context/AppContext | /../src/i18n/guided-care | /../src/utils/api | /AppText | /ScrollView | /TouchableOpacity | /View | /ai/triage | /consultations
ai-assistant.tsx	ai-assistant.tsx		1	3		missing-or-merged-route-review	// | /DSText | /KeyboardAvoidingView | /SafeAreaView | /ScrollView | /View | /ai/prescription-translator | /ai/triage/chat | /design-system | /services/HttpClient | /src/components/ui | /store/hooks
articles/[slug].tsx	articles	/articles/[slug]	1	5	POST	partial-route-contract-review	/../src/components/Icon | /../src/components/ui | /../src/context/AppContext | /../src/utils/api | /../src/utils/localize | // | //nabdahplus.com/articles/${article.slug} | /AppText | /Card | /ScrollView | /TouchableOpacity | /View | /articles/${encodeURIComponent | /articles/:slug | /articles/[slug] | /articles/[slug].tsx | /articles/bookmarks/${encodeURIComponent | /articles?category=${encodeURIComponent | /status | /toggle | /utils/dates | /}
articles/bookmarks.tsx	articles	/[locale]/articles/bookmarks	2	4		partial-route-only	/../src/components/Icon | /../src/components/ui | /../src/context/AppContext | /../src/utils/api | /../src/utils/localize | // | /AppText | /Card | /ScrollView | /TouchableOpacity | /View | /articles | /articles/[slug] | /articles/bookmarks.tsx | /articles/bookmarks/mine
articles/index.tsx	articles	/articles	2	6		partial-route-only	/../src/components/Icon | /../src/components/ui | /../src/context/AppContext | /../src/utils/api | /../src/utils/localize | // | /AppText | /Card | /ScrollView | /TouchableOpacity | /View | /articles | /articles/[slug] | /articles/bookmarks | /articles/categories | /articles/index.tsx | /articles?${params.toString | /exhaustive-deps | /utils/dates | /}
community/hub.tsx	community		1	7	POST	missing-or-merged-route-review	/../src/components/Icon | /../src/components/LocalizedAlert | /../src/components/ui | /../src/context/AppContext | /../src/utils/api | // | /AppText | /Card | /KeyboardAvoidingView | /Modal | /TouchableOpacity | /View | /community/post-detail | /community/posts | /community/posts?page=1&limit=20${qs} | /utils/dates | /}
community/post-detail.tsx	community		0	6	POST,PUT	missing-or-merged-route-review	/../src/components/Icon | /../src/components/LocalizedAlert | /../src/components/ui | /../src/context/AppContext | /../src/utils/api | // | /AppText | /ScrollView | /TouchableOpacity | /View | /community/posts/${postId} | /community/posts/${postId}/comment | /community/posts/${postId}/vote | /utils/dates | /}
consultations/appointment-detail.tsx	consultations	/appointments/[appointmentId]	8	10		partial-route-only	/../src/components/Icon | /../src/components/LocalizedAlert | /../src/components/ui | /../src/context/AppContext | /../src/utils/api | // | /AppText | /Modal | /ScrollView | /TouchableOpacity | /View | /care/appointments/${params.appointmentId} | /consultations/cancel-reschedule | /consultations/clinic-location | /consultations/doctor/[id] | /consultations/home-visit-tracking | /consultations/summary | /consultations/virtual-waiting-room | /insurance/payment-split | /insurance/requests/my | /reviews | /utils/dates | /}
consultations/appointments.tsx	consultations	/[locale]/appointments	5	8		partial-route-only	/../src/components/Icon | /../src/components/ui | /../src/context/AppContext | /../src/context/ConsultationsContext | /../src/hooks/useGuestGuard | // | /AppText | /TouchableOpacity | /View | /consultations | /consultations/appointment-detail | /consultations/book/[id] | /consultations/cancel-reschedule | /consultations/waiting-room
consultations/book/[id].tsx	consultations		3	9		missing-or-merged-route-review	/../../src/components/Icon | /../../src/components/LocalizedAlert | /../../src/components/ui | /../../src/context/AppContext | /../../src/utils/api | /../../src/utils/localize | /../../src/utils/selectedAddress | // | /AppText | /Card | /ScrollView | /TouchableOpacity | /View | /care/doctors/${encodeURIComponent | /consultations/book/[id].tsx | /consultations/booking-confirm | /delivery/address-select | /slots?date=${days[dayOffset].iso}&service_type=${visitType} | /utils/dates | /}
consultations/booking-confirm.tsx	consultations		4	6	POST	missing-or-merged-route-review	/../src/components/Icon | /../src/components/LocalizedAlert | /../src/components/ui | /../src/constants | /../src/context/AppContext | /../src/hooks/useGuestGuard | /../src/utils/api | /../src/utils/localize | /../src/utils/payment-idempotency | // | //api.nabdahplus.com/v1 | //localhost:8002 | /AppText | /Card | /ScrollView | /TouchableOpacity | /View | /api/v1 | /async-storage | /card/insurance | /care/appointments | /care/doctors/${params.doctorId} | /consultations/booking-success | /insurance | /insurance/companies | /insurance/companies/${insCompany}/networks | /insurance/coverage-check?provider_id=${params.doctorId}&service_type=consultation | /insurance/payment-split | /insurance/requests | /payments/intent/consultation/${appt.id} | /payments/processing | /profile/insurance | /time | /users/me/profile | /utils/dates | /}
consultations/booking-pending.tsx	consultations		5	4	PATCH	missing-or-merged-route-review	/../src/components/Icon | /../src/components/LocalizedAlert | /../src/components/ui | /../src/context/AppContext | /../src/utils/api | // | /Animated.View | /AppText | /Card | /TouchableOpacity | /View | /appointments/:id | /care/appointments/${appointmentId} | /care/appointments/${appointmentId}/cancel | /consultations/clinic-confirm | /consultations/doctor-search | /consultations/home-visit-tracking | /consultations/virtual-waiting-room
consultations/booking-success.tsx	consultations		4	2		missing-or-merged-route-review	/../src/components/Icon | /../src/components/ui | /../src/context/AppContext | /../src/theme/colors | // | /Animated.View | /AppText | /TouchableOpacity | /View | /consultations | /consultations/appointments | /consultations/booking-pending
consultations/call-history.tsx	consultations		1	2		missing-or-merged-route-review	/../src/components/Icon | /../src/components/ui | /../src/context/AppContext | /../src/utils/api | // | /AppText | /TouchableOpacity | /View | /calls/history?page=${pageNum}&limit=20 | /consultations/video-call | /}
consultations/cancel-reschedule.tsx	consultations	/appointments/[appointmentId]	2	9	PATCH	partial-route-contract-review	/../src/components/Icon | /../src/components/LocalizedAlert | /../src/components/ui | /../src/context/AppContext | /../src/utils/api | // | /AppText | /ScrollView | /TouchableOpacity | /View | /care/appointments/${appointmentId} | /care/appointments/${appointmentId}/cancel | /care/appointments/${appointmentId}/reschedule | /care/doctors/${appointment.doctor_id}/slots?date=${d}&service_type=${serviceType} | /consultations/appointments | /utils/dates
consultations/chat-with-doctor.tsx	consultations		0	3	POST	missing-or-merged-route-review	/../src/components/LocalizedAlert | /../src/components/LocalizedText | /../src/context/AppContext | /../src/context/SocketContext | /../src/theme/colors | /../src/utils/api | /../src/utils/localize | // | /LocalizedText | /ScrollView | /TouchableOpacity | /View | /care/doctors/${doctorId} | /chat/threads/${threadId}/messages | /chat/threads/${tid}/messages | /chat/threads/direct | /created | /utils/dates | /}
consultations/clinic/[id].tsx	consultations		1	2		missing-or-merged-route-review	/../../src/components/Icon | /../../src/components/LocalizedText | /../../src/context/AppContext | /../../src/utils/api | /../../src/utils/localize | // | /LocalizedText | /ScrollView | /TouchableOpacity | /View | /care/facilities/${id} | /consultations/doctor-profile?doctorId=${doc.id} | /}
consultations/clinic-confirm.tsx	consultations		4	5		missing-or-merged-route-review	/../src/components/Icon | /../src/components/LocalizedAlert | /../src/components/ScreenStates | /../src/components/ui | /../src/context/AppContext | /../src/utils/api | // | /AppText | /Card | /QR | /ScreenState | /ScrollView | /TouchableOpacity | /View | /appointments/:id | /care/appointments/${appointmentId} | /care/doctors/${a.doctor_id} | /care/doctors/:doctor_id | /consultations/cancel-reschedule | /consultations/chat-with-doctor | /consultations/clinic-location | /utils/dates | /}
consultations/clinic-location.tsx	consultations		0	2		missing-or-merged-route-review	/../src/components/LocalizedText | /../src/components/MapPrimitives | /../src/context/AppContext | /../src/theme/colors | /../src/utils/api | // | /LocalizedText | /MapView | /TouchableOpacity | /View | /care/appointments/${appointmentId} | /}
consultations/doctor/[id].tsx	consultations		3	12		missing-or-merged-route-review	/../../src/components/LocalizedText | /../../src/context/AppContext | /../../src/theme/colors | /../../src/utils/api | /../../src/utils/localize | // | //app.nabdahplus.com/s/doctor/${doc.slug | /Hospital | /Left | /LocalizedText | /Modal | /Right | /ScrollView | /TouchableOpacity | /View | /care/doctors/${encodeURIComponent | /consultations/book/[id] | /consultations/booking-confirm | /consultations/clinic/${doc.facility_id} | /g | /slots?date=${iso}&service_type=${vt} | /utils/dates | /}
consultations/doctor-profile.tsx	consultations	/consultations/doctors/[doctorId]	2	0		partial-route-only	/../src/components/ui | /../src/context/AppContext | // | /AppText | /View | /consultations/doctor-search | /consultations/doctor/${doctorId} | /consultations/doctor/[id]. | /s/doctor/:slug
consultations/doctor-search.tsx	consultations	/consultations/doctors	2	3		partial-route-only	/../src/components/Icon | /../src/components/ui | /../src/context/AppContext | /../src/utils/api | /../src/utils/localize | // | /AppText | /ScrollView | /View | /care/doctors?${qs.toString | /consultations/book/[id] | /consultations/doctor/[id] | /price/wait/exp/hospital
consultations/follow-up.tsx	consultations		3	6		missing-or-merged-route-review	/../src/components/Icon | /../src/components/ui | /../src/context/AppContext | /../src/utils/api | /../src/utils/localize | // | /AppText | /Card | /ScrollView | /View | /care/appointments/${encodeURIComponent | /care/appointments/:id | /care/doctors/${encodeURIComponent | /consultations/book/[id] | /consultations/chat-with-doctor | /consultations/follow-up.tsx | /pharmacy | /utils/dates | /}
consultations/home-visit-tracking.tsx	consultations		1	3		missing-or-merged-route-review	/../src/components/LocalizedText | /../src/context/AppContext | /../src/theme/colors | /../src/utils/api | // | /LocalizedText | /TouchableOpacity | /View | /care/appointments/${appointmentId} | /consultations/chat-with-doctor
consultations/incoming-call.tsx	consultations		1	2	POST	missing-or-merged-route-review	/../src/components/Icon | /../src/components/ui | /../src/context/AppContext | /../src/utils/api | // | /AppText | /TouchableOpacity | /View | /calls/${sessionId}/reject | /consultations/video-call | /}
consultations/offer/[id].tsx	consultations		0	0		missing-or-merged-route-review	// | /consultations/offer/[id].tsx | /offers/:id | /offers/[id]
consultations/post-call-rating.tsx	consultations		2	4	POST	missing-or-merged-route-review	/../src/components/LocalizedAlert | /../src/components/LocalizedText | /../src/context/AppContext | /../src/theme/colors | /../src/utils/api | // | /LocalizedText | /ScrollView | /TouchableOpacity | /View | /care/appointments/rating | /consultations | /patient-ux/review
consultations/prescription-from-doctor.tsx	consultations		4	9		missing-or-merged-route-review	/../src/components/Icon | /../src/components/ui | /../src/context/AppContext | /../src/utils/api | // | /AppText | /Card | /ScrollView | /TouchableOpacity | /View | /consultations/follow-up | /diagnostics/search | /duration/instruction | /pharmacy/product-detail | /pharmacy/rx-order | /prescriptions/active | /}
consultations/share-report.tsx	consultations		1	4		missing-or-merged-route-review	/../src/components/Icon | /../src/components/LocalizedAlert | /../src/components/ui | /../src/context/AppContext | /../src/utils/api | /../src/utils/localize | // | /AppText | /Card | /S21: | /ScrollView | /View | /medical-reports/mine | /medical-reports/mine?limit=100 | /reports/hub | /utils/dates
consultations/specialty-select.tsx	consultations	/consultations/specialties	1	3		partial-route-only	/../src/components/Icon | /../src/components/ui | /../src/context/AppContext | /../src/utils/api | // | /AppText | /Card | /ScrollView | /View | /care/specialties | /consultations/doctor-search
consultations/summary.tsx	consultations		3	3		missing-or-merged-route-review	/../src/components/Icon | /../src/components/ScreenStates | /../src/components/ui | /../src/context/AppContext | /../src/utils/api | // | /AppText | /Card | /ScreenState | /ScrollView | /View | /care/appointments/${appointmentId} | /care/appointments/${appointmentId}/summary | /care/appointments/:id/summary | /consultations/booking-confirm | /consultations/post-call-rating | /consultations/prescription-from-doctor
consultations/video/[id].tsx	consultations		0	0		missing-or-merged-route-review	// | /consultations/video-call | /consultations/video-call.
consultations/video-call.tsx	consultations		1	3	POST	missing-or-merged-route-review	/../src/components/LocalizedText | /../src/context/AppContext | /../src/theme/colors | /../src/utils/api | // | //live.nabd.plus | /LocalizedText | /TouchableOpacity | /View | /calls/${sessionId}/join | /calls/:sessionId/join | /calls/initiate | /care/appointments/:id/video-token | /consultations/post-call-rating | /react-native | /}
consultations/virtual-waiting-room.tsx	consultations		1	2		missing-or-merged-route-review	/../src/components/LocalizedText | /../src/context/AppContext | /../src/theme/colors | /../src/utils/api | /../src/utils/localize | // | /LocalizedText | /TouchableOpacity | /View | /care/appointments/${appointmentId} | /consultations/video-call
consultations/waiting-room.tsx	consultations		1	2		missing-or-merged-route-review	/../src/components/LocalizedText | /../src/context/AppContext | /../src/theme/colors | /../src/utils/api | /../src/utils/localize | // | /LocalizedText | /TouchableOpacity | /View | /care/appointments/${appointmentId} | /consultations
delivery/address-select.tsx	delivery		2	5		missing-or-merged-route-review	/../src/components/Icon | /../src/components/ui | /../src/context/AppContext | /../src/utils/api | /../src/utils/selectedAddress | // | /AppText | /ScrollView | /TouchableOpacity | /View | /delivery/address-select.tsx | /shared/location-picker | /users/me/addresses | /}
diagnostics/book-sample.tsx	diagnostics		1	2		missing-or-merged-route-review	/../src/components/Icon | /../src/components/ui | /../src/context/AppContext | /../src/context/DiagnosticsCartContext | // | /AppText | /Card | /ScrollView | /View | /diagnostics/book-sample.tsx | /diagnostics/cart
diagnostics/booking-confirm.tsx	diagnostics		0	0		missing-or-merged-route-review	/diagnostics
diagnostics/booking-success.tsx	diagnostics		2	2		missing-or-merged-route-review	/../src/components/ui | /../src/context/AppContext | // | /Animated.View | /AppText | /SafeAreaView | /TouchableOpacity | /View | /diagnostics/orders | /vector-icons/MaterialCommunityIcons
diagnostics/cart.tsx	diagnostics	/[locale]/cart	1	9		partial-route-only	/../src/components/ui | /../src/context/AppContext | /../src/context/DiagnosticsCartContext | /../src/utils/api | // | /Animated.View | /AppText | /SafeAreaView | /ScrollView | /TouchableOpacity | /View | /diagnostics/checkout | /labs/compatible-providers?testIds=${ids} | /vector-icons/MaterialCommunityIcons | /}
diagnostics/checkout.tsx	diagnostics	/[locale]/cart/checkout	0	0		partial-route-only	/diagnostics
diagnostics/insurance-approval.tsx	diagnostics		3	5	PATCH	missing-or-merged-route-review	/../src/components/ui | /../src/context/AppContext | /../src/context/DiagnosticsCartContext | /../src/utils/api | // | /Animated.View | /AppText | /SafeAreaView | /ScrollView | /TouchableOpacity | /View | /consultations | /diagnostics/checkout | /orders/${orderId} | /orders/${orderId}/items/${item.id}/opt-in-cash | /vector-icons/MaterialCommunityIcons | /}
diagnostics/insurance-upload.tsx	diagnostics		2	14	POST	missing-or-merged-route-review	/../src/components/LocalizedAlert | /../src/components/ui | /../src/context/AppContext | /../src/context/DiagnosticsCartContext | /../src/utils/api | /../src/utils/localize | // | /Animated.View | /AppText | /Gallery | /S21: | /SafeAreaView | /ScrollView | /TouchableOpacity | /View | /ai/ocr-translate | /consultations | /diagnostics/insurance-approval | /insurance/companies | /insurance/companies/${selCompany}/networks | /orders/create | /providers?type=lab | /vector-icons/MaterialCommunityIcons | /}
diagnostics/lab/[id].tsx	diagnostics		1	5		missing-or-merged-route-review	/../../src/components/LocalizedAlert | /../../src/components/ui | /../../src/context/AppContext | /../../src/context/DiagnosticsCartContext | /../../src/utils/api | // | //www.google.com/maps/dir/?api=1&destination=${lab.lat} | //www.google.com/maps/search/?api=1&query=${encodeURIComponent | /Animated.View | /AppText | /SafeAreaView | /ScrollView | /TouchableOpacity | /View | /diagnostics/test-detail?id=${test.id}&labId=${id} | /labs/services?providerId=${id} | /providers/${id} | /vector-icons/MaterialCommunityIcons | /}
diagnostics/lab-comparison.tsx	diagnostics		1	2		missing-or-merged-route-review	/../src/components/LocalizedAlert | /../src/components/ui | /../src/context/DiagnosticsCartContext | /../src/theme | /../src/utils/api | // | /AppText | /ScrollView | /TouchableOpacity | /View | /diagnostics/cart | /labs/compatible-providers?testIds=${id} | /labs/services/${id} | /vector-icons/MaterialIcons
diagnostics/my-results.tsx	diagnostics	/health/reports	1	2		partial-route-only	/../src/components/Icon | /../src/components/ui | /../src/context/AppContext | /../src/utils/api | // | /AppText | /Card | /ScrollView | /View | /diagnostics/order/[id] | /labs/bookings/mine | /radiology/reports/mine
diagnostics/order/[id].tsx	diagnostics		1	6	POST	missing-or-merged-route-review	/../../src/components/LocalizedAlert | /../../src/components/ui | /../../src/context/AppContext | /../../src/utils/api | // | /Animated.View | /AppText | /CDN | /ScrollView | /TouchableOpacity | /View | /bookings/${id}/cancel | /labs | /labs/bookings/${id} | /orders/mine | /radiology | /radiology/bookings/${id} | /reports/view-report | /vector-icons/MaterialCommunityIcons | /}
diagnostics/orders.tsx	diagnostics	/[locale]/orders	1	4		partial-route-only	/../src/components/ui | /../src/context/AppContext | /../src/utils/api | /../src/utils/localize | // | /Animated.View | /AppText | /ScrollView | /TouchableOpacity | /View | /diagnostics/sample-tracking?bookingId=${order.id} | /labs/bookings/mine | /radiology/bookings/mine | /vector-icons/MaterialCommunityIcons | /}
diagnostics/package-detail.tsx	diagnostics	/diagnostics/packages/[packageId]	0	3		partial-route-only	/../src/components/ui | /../src/context/AppContext | /../src/context/DiagnosticsCartContext | /../src/utils/api | /../src/utils/labMappers | // | /Animated.View | /AppText | /SafeAreaView | /ScrollView | /TouchableOpacity | /View | /labs/packages/${id} | /vector-icons/MaterialCommunityIcons
diagnostics/packages.tsx	diagnostics	/[locale]/diagnostics/packages	1	3		partial-route-only	/../src/components/ui | /../src/theme | /../src/utils/api | /../src/utils/localize | // | /AppText | /ScrollView | /TouchableOpacity | /View | /diagnostics/package-detail?id=${pkg.id} | /labs/categories | /labs/packages | /vector-icons/MaterialIcons
diagnostics/results-history.tsx	diagnostics		1	2		missing-or-merged-route-review	/../src/components/Icon | /../src/components/ui | /../src/context/AppContext | /../src/utils/api | // | /AppText | /TouchableOpacity | /View | /labs/bookings/mine | /reports/view-report
diagnostics/sample-tracking.tsx	diagnostics		0	0		missing-or-merged-route-review	/diagnostics/orders
diagnostics/search.tsx	diagnostics	/diagnostics	1	2		partial-route-only	/../src/components/Icon | /../src/components/ui | /../src/context/AppContext | /../src/utils/api | /../src/utils/localize | // | /AppText | /Card | /ScrollView | /View | /diagnostics/test-detail | /labs/services
diagnostics/technician-tracking.tsx	diagnostics		0	0		missing-or-merged-route-review	/diagnostics/orders
diagnostics/test-detail.tsx	diagnostics		1	4		missing-or-merged-route-review	/../src/components/ui | /../src/context/AppContext | /../src/context/DiagnosticsCartContext | /../src/utils/api | /../src/utils/labMappers | /../src/utils/localize | // | /Animated.View | /AppText | /SafeAreaView | /ScrollView | /TouchableOpacity | /View | /diagnostics/cart | /labs/services/${id} | /radiology/services/${id} | /vector-icons/MaterialCommunityIcons | /}
diagnostics/upload-rx.tsx	diagnostics		0	0		missing-or-merged-route-review	// | /pharmacy/scan-prescription | /pharmacy/scan-prescription. | /upload
drug-scanner/index.tsx	drug-scanner		1	6	POST	missing-or-merged-route-review	/../src/components/Icon | /../src/components/ui | /../src/context/AppContext | /../src/utils/api | // | /AppText | /ScrollView | /TouchableOpacity | /View | /ai/drug-interactions | /consultations | /drug-scanner/index.tsx | /health/medications | /}
emergency/index.tsx	emergency		0	0		missing-or-merged-route-review	// | /emergency/sos
emergency/sos-active.tsx	emergency		1	4	POST	missing-or-merged-route-review	/../src/components/Icon | /../src/components/LocalizedAlert | /../src/components/MapPrimitives | /../src/components/ui | /../src/context/AppContext | /../src/utils/api | // | /AppText | /Card | /MapView | /ScrollView | /View | /emergency/${sosId}/cancel | /emergency/my/active | /emergency/sos-active.tsx | /hospital | /index | /sos/status | /}
emergency/sos.tsx	emergency		2	5	POST	missing-or-merged-route-review	/../src/components/Icon | /../src/components/LocalizedAlert | /../src/components/ui | /../src/context/AppContext | /../src/utils/api | // | /Animated.View | /AppText | /Card | /TouchableOpacity | /View | /emergency/sos-active | /emergency/tracking | /emergency/trigger | /}
emergency/tracking.tsx	emergency	/[locale]/orders/[orderId]/tracking	1	4		partial-route-only	/../src/components/Icon | /../src/components/ui | /../src/context/AppContext | /../src/utils/api | // | /Animated.View | /AppText | /TouchableOpacity | /View | /emergency/sos | /emergency/tracking | /emergency/tracking.tsx | /utils/dates | /}
family/calendar.tsx	family		0	8	DELETE,POST	missing-or-merged-route-review	/../src/components/Icon | /../src/components/LocalizedAlert | /../src/components/ui | /../src/context/AppContext | /../src/utils/api | /../src/utils/family-calendar-contract | // | /AppText | /Card | /Modal | /ScrollView | /TouchableOpacity | /View | /family/calendar | /family/calendar.tsx | /family/calendar/event | /family/calendar/event/${id} | /family/members | /utils/dates
family/chat.tsx	family	/[locale]/chat	0	4	POST	partial-route-contract-review	/../src/components/Icon | /../src/components/ui | /../src/context/AppContext | /../src/utils/api | // | /AppText | /TouchableOpacity | /View | /chat.tsx | /family/chat/messages | /family/members | /users/me/profile | /utils/dates | /}
family/emergency-contacts.tsx	family	/[locale]/health/emergency-contacts	3	6		partial-route-only	/../src/components/Icon | /../src/components/ui | /../src/context/AppContext | /../src/utils/api | // | /AppText | /Card | /ScrollView | /View | /emergency-contacts.tsx | /emergency/sos | /family/emergency-contacts | /family/invite
family/hub.tsx	family	/family	7	7		partial-route-only	/../src/components/Icon | /../src/components/ui | /../src/context/AppContext | /../src/utils/api | // | /AppText | /Card | /ScrollView | /TouchableOpacity | /View | /family/calendar | /family/chat | /family/emergency-contacts | /family/hub.tsx | /family/invite | /family/join | /family/member-health | /family/members | /family/permissions | /index | /}
family/index.tsx	family		0	0		missing-or-merged-route-review	// | /health/family-hub
family/invite.tsx	family		0	5	POST	missing-or-merged-route-review	/../src/components/Icon | /../src/components/ui | /../src/context/AppContext | /../src/utils/api | // | //nabdahplus.app/join/${inviteCode} | //nabdahplus.app/join/{inviteCode} | /AppText | /Card | /ScrollView | /TouchableOpacity | /View | /family/invite | /}
family/join.tsx	family		2	6	POST	missing-or-merged-route-review	/../src/components/Icon | /../src/components/ui | /../src/context/AppContext | /../src/utils/api | // | /AppText | /Card | /View | /family/join | /family/scan | /health/family-hub | /join.tsx | /reject
family/member-health.tsx	family		3	4		missing-or-merged-route-review	/../src/components/Icon | /../src/components/ui | /../src/context/AppContext | /../src/utils/api | /../src/utils/localize | // | /AppText | /Card | /ScrollView | /View | /consultations | /family/chat | /family/member-records/${memberId} | /family/permissions | /utils/dates | /}
family/permission-request.tsx	family		0	4	PUT	missing-or-merged-route-review	/../src/components/Icon | /../src/components/LocalizedAlert | /../src/components/ui | /../src/context/AppContext | // | /AppText | /Card | /ScrollView | /View | /family/permissions/pending | /family/permissions/respond/${requestInfo._id | /utils/dates | /}
family/permissions.tsx	family		0	3	DELETE,PATCH,POST	missing-or-merged-route-review	/../src/components/Icon | /../src/components/LocalizedAlert | /../src/components/ui | /../src/context/AppContext | /../src/utils/api | // | /AppText | /Card | /ScrollView | /View | /family/member/${memberId}/permissions | /family/my-group | /family/permissions/request | /family/remove-member/${memberId} | /}
family/scan.tsx	family		1	2		missing-or-merged-route-review	/../src/components/ui | /../src/context/AppContext | /.test | // | //nabdahplus.app/join/ABC123 | /AppText | /View | /family/join | /i | /invite.tsx | /join | /scan.tsx
family/shared-calendar.tsx	family		0	0		missing-or-merged-route-review	// | /family/calendar | /family/shared-calendar.tsx
health/actionable-order.tsx	health		3	4		missing-or-merged-route-review	/../src/components/Icon | /../src/components/LocalizedText | /../src/theme | // | /LocalizedText | /ScrollView | /TouchableOpacity | /View | /diagnostics | /diagnostics/search | /labs | /pharmacy | /}
health/add-family-member.tsx	health		0	0		missing-or-merged-route-review	// | /family/invite
health/chronic-disease.tsx	health		3	5		missing-or-merged-route-review	/../src/components/Icon | /../src/components/ui | /../src/context/AppContext | /../src/utils/api | // | /AppText | /Card | /ScrollView | /TouchableOpacity | /View | /consultations | /health/chronic-disease.tsx | /health/chronic-diseases | /health/edit-profile | /health/vitals | /}
health/chronic-medications.tsx	health	/[locale]/health/chronic-medications	3	7	POST	partial-route-contract-review	/../src/components/ui | /../src/context/AppContext | /../src/i18n/medications | /../src/utils/api | /../src/utils/medication-notifications | /Animated.View | /AppText | /Card | /ScrollView | /View | /health/chronic-meds | /health/medication-reminder-add | /health/reminders/${id}${suffix} | /pharmacy/order-tracking | /refill | /refill/cancel | /refill/snooze
health/conditions-allergies.tsx	health		0	4	DELETE,POST	missing-or-merged-route-review	/../src/components/ui | /../src/context/AppContext | /../src/utils/api | /AppText | /Card | /ScrollView | /View | /medical-profile | /medical-profile/${list} | /medical-profile/${list}/${id}
health/edit-profile.tsx	health		1	5	PATCH,POST	missing-or-merged-route-review	/../src/components/ui | /../src/context/AppContext | /../src/utils/api | /AppText | /Card | /ScrollView | /View | /health/conditions-allergies | /jpeg | /media/upload | /medical-profile | /users/me/profile
health/emergency-contacts.tsx	health	/[locale]/health/emergency-contacts	0	6	DELETE,POST	partial-route-contract-review	/../src/components/Icon | /../src/components/LocalizedAlert | /../src/components/ui | /../src/context/AppContext | /../src/utils/api | // | /AppText | /KeyboardAvoidingView | /Modal | /ScrollView | /TouchableOpacity | /View | /health/emergency-contacts | /health/emergency-contacts/${c.id}
health/family-calendar.tsx	health		0	0		missing-or-merged-route-review	// | /family/shared-calendar
health/family-chat.tsx	health		0	0		missing-or-merged-route-review	// | /family/chat
health/family-hub.tsx	health		6	8	POST	missing-or-merged-route-review	/../src/components/Icon | /../src/components/ui | /../src/context/AppContext | /../src/hooks/useGuestGuard | /../src/utils/api | // | /AppText | /Card | /ScrollView | /TouchableOpacity | /View | /family/calendar | /family/chat | /family/create | /family/emergency-contacts | /family/invite | /family/join | /family/member-health | /family/members | /family/my-group | /family/permissions | /}
health/family-member-detail.tsx	health		0	0		missing-or-merged-route-review	// | /family/member-health
health/health-id.tsx	health		2	5		missing-or-merged-route-review	/../src/components/Icon | /../src/components/ui | /../src/context/AppContext | /../src/hooks/useGuestGuard | /../src/utils/api | // | /AppText | /ScrollView | /TouchableOpacity | /View | /health/chronic-meds | /health/edit-profile | /health/emergency-contacts | /health/health-id.tsx | /users/me/profile | /}
health/medication-reminder-add.tsx	health		1	3		missing-or-merged-route-review	/../src/components/ui | /../src/context/AppContext | /../src/i18n/medications | /../src/utils/api | /../src/utils/medication-notifications | /Animated.View | /AppText | /Card | /Riyadh | /ScrollView | /TouchableOpacity | /View | /health/medication-reminder-list | /health/reminders | /health/reminders/${id}
health/medication-reminder-list.tsx	health		3	9	PATCH,POST	missing-or-merged-route-review	/../src/components/ui | /../src/context/AppContext | /../src/i18n/medications | /../src/utils/api | /../src/utils/medication-notifications | /Animated.View | /AppText | /Card | /ScrollView | /View | /health/medication-reminder-add | /health/reminders | /health/reminders/${id} | /health/reminders/${reminder.id}/log
health/medications.tsx	health		6	9		missing-or-merged-route-review	/../src/components/ui | /../src/context/AppContext | /../src/i18n/medications | /../src/utils/api | /Animated.View | /AppText | /Card | /ScrollView | /View | /health/chronic-medications | /health/medication-reminder-add | /health/medication-reminder-list | /health/prescriptions | /health/reminders
health/prescriptions.tsx	health	/[locale]/prescriptions	2	4		partial-route-only	/../src/components/Icon | /../src/components/ui | /../src/context/AppContext | /../src/hooks/useGuestGuard | /../src/utils/api | // | /AppText | /Card | /TouchableOpacity | /View | /health/prescriptions | /health/prescriptions.tsx | /pharmacy | /pharmacy/rx-order
health/refills.tsx	health		2	3	POST	missing-or-merged-route-review	/../src/components/Icon | /../src/components/LocalizedAlert | /../src/components/ui | /../src/context/AppContext | /../src/utils/api | /../src/utils/chronic-refill-contract | /../src/utils/localize | // | /AppText | /Card | /ScrollView | /View | /health/refills.tsx | /health/reminders/${id}/refill | /health/reminders?active=1 | /pharmacy/order-tracking | /pill | /profile/addresses | /}
health/reminders.tsx	health	/[locale]/reminders	0	0		partial-route-only	/health/medication-reminder-list
health/reports.tsx	health	/[locale]/health/reports	0	2		partial-route-only	/../src/components/ui | /../src/context/AppContext | /../src/utils/api | /AppText | /Card | /View | /health/reports
health/sleep-score.tsx	health		1	3		missing-or-merged-route-review	/../src/components/Icon | /../src/components/ui | /../src/context/AppContext | /../src/utils/api | // | /AppText | /Card | /ScrollView | /View | /health/sleep | /health/sleep-score.tsx | /health/sleep-tracker | /health/sleep?limit=30 | /utils/dates | /}
health/sleep-tracker.tsx	health		0	3	POST	missing-or-merged-route-review	/../src/components/Icon | /../src/components/LocalizedAlert | /../src/components/ui | /../src/context/AppContext | /../src/utils/api | // | /AppText | /Card | /POST | /ScrollView | /View | /health/sleep | /health/sleep-tracker.tsx | /health/sleep?limit=30 | /utils/dates | /}
health/smart-reminders.tsx	health		0	0		missing-or-merged-route-review	/health/medication-reminder-list
health/trends.tsx	health	/[locale]/health/trends	0	7		partial-route-only	/../src/components/Icon | /../src/components/ui | /../src/context/AppContext | /../src/utils/api | // | /AppText | /Card | /ScrollView | /TouchableOpacity | /View | /health/trends | /health/trends.tsx | /utils/dates | /}
health/vitals-log.tsx	health		0	7	POST	missing-or-merged-route-review	/../src/components/ui | /../src/context/AppContext | /../src/utils/api | /AppText | /Card | /ScrollView | /TouchableOpacity | /View | /dL | /health/vitals | /health/vitals?type=${type}&limit=30
health/vitals.tsx	health	/[locale]/health/vitals	5	7		partial-route-only	/../src/components/ui | /../src/context/AppContext | /../src/utils/api | /AppText | /Card | /ScrollView | /View | /health/conditions-allergies | /health/vitals-log | /health/vitals/summary
health/wearables.tsx	health		1	3	POST	missing-or-merged-route-review	/../src/components/Icon | /../src/components/LocalizedAlert | /../src/components/ui | /../src/context/AppContext | /../src/utils/api | // | /AppText | /Card | /ScrollView | /TouchableOpacity | /View | /[ | /g | /health/sleep-tracker | /health/wearables.tsx | /utils/dates | /wearables | /wearables/data | /wearables/devices | /}
index.tsx	index.tsx		3	0		missing-or-merged-route-review	// | /Animated.View | /AppText | /View | /async-storage | /index.tsx | /src/components/NabdahLogo | /src/components/ui | /src/constants | /src/context/AppContext | /welcome
insurance/add-policy.tsx	insurance		1	4	POST	missing-or-merged-route-review	/../src/components/Icon | /../src/components/LocalizedAlert | /../src/components/ui | /../src/context/AppContext | /../src/utils/api | /../src/utils/localize | // | /AppText | /ScrollView | /TouchableOpacity | /View | /insurance/companies | /insurance/hub | /insurance/ocr-extract | /insurance/save-policy | /jpeg | /}
insurance/approval-pending.tsx	insurance		4	5		missing-or-merged-route-review	/../src/components/Icon | /../src/components/ui | /../src/context/AppContext | /../src/utils/api | // | /AppText | /Card | /View | /consultations | /insurance/claim-tracking | /insurance/requests/${params.requestId} | /insurance/requests/my | /payments/processing | /users/me/profile
insurance/benefits-summary.tsx	insurance		0	1		missing-or-merged-route-review	/../src/components/Icon | /../src/components/ui | /../src/context/AppContext | /../src/utils/api | // | /AppText | /ScrollView | /TouchableOpacity | /View | /insurance/benefits-summary | /insurance/benefits-summary.tsx | /{b.limitCount} | /}
insurance/claim-tracking.tsx	insurance		3	4		missing-or-merged-route-review	/../src/components/Icon | /../src/components/ui | /../src/context/AppContext | // | /AppText | /TouchableOpacity | /View | /insurance/claim-tracking.tsx | /insurance/claims/my | /insurance/refund-status | /insurance/submit-claim | /support/chat | /}
insurance/copay.tsx	insurance		1	1	POST	missing-or-merged-route-review	/../src/components/Header | /../src/components/Icon | /../src/components/LocalizedText | /../src/context/AppContext | /../src/theme/colors | /../src/utils/api | /../src/utils/payment-idempotency | // | /A | /LocalizedText | /ScrollView | /TouchableOpacity | /View | /exhaustive-deps | /insurance/requests/my | /payments/intent/insurance/${copayRequest.id} | /payments/processing | /verified
insurance/coverage-check.tsx	insurance		1	6		missing-or-merged-route-review	/../src/components/Icon | /../src/components/LocalizedAlert | /../src/components/ui | /../src/context/AppContext | /../src/utils/api | // | /AppText | /ScrollView | /TouchableOpacity | /View | /insurance/coverage-check | /insurance/coverage-check.tsx | /insurance/coverage-check?service_type=${serviceType}${providerName | /support/chat | /}
insurance/hub.tsx	insurance	/insurance	8	11	POST	partial-route-contract-review	/../src/components/Icon | /../src/components/LocalizedAlert | /../src/components/ui | /../src/context/AppContext | /../src/hooks/useGuestGuard | /../src/utils/api | // | //www.chi.gov.sa/ar/Services/Pages/BeneficiaryInquiry.aspx | /AppText | /Modal | /ScrollView | /TouchableOpacity | /View | /insurance/add-policy | /insurance/benefits-summary | /insurance/claim-tracking | /insurance/claims | /insurance/coverage-check | /insurance/hub.tsx | /insurance/network-providers | /insurance/policy-detail | /insurance/save-policy | /insurance/submit-claim | /result | /users/me/insurance | /}
insurance/index.tsx	insurance		0	0		missing-or-merged-route-review	// | /insurance/hub
insurance/network-providers.tsx	insurance		1	4		missing-or-merged-route-review	/../src/components/Icon | /../src/components/ui | /../src/context/AppContext | /../src/utils/api | /../src/utils/localize | // | /AppText | /TouchableOpacity | /View | /insurance/add-policy | /insurance/network-providers.tsx | /providers?${qs.toString | /users/me/profile
insurance/payment-split.tsx	insurance		2	6	POST	missing-or-merged-route-review	/../src/components/Icon | /../src/components/ui | /../src/context/AppContext | /../src/utils/api | /../src/utils/insurance-copay-contract | /../src/utils/payment-idempotency | // | /AppText | /Card | /ScrollView | /View | /insurance/payment-split.tsx | /insurance/requests/${request.id}/pay-copay | /insurance/requests/${requestId} | /payments/intent/insurance/${request.id} | /payments/processing
insurance/policy-detail.tsx	insurance		2	3		missing-or-merged-route-review	/../src/components/Icon | /../src/components/ui | /../src/context/AppContext | /../src/utils/api | // | /AppText | /ScrollView | /TouchableOpacity | /View | /insurance/add-policy | /insurance/coverage-check | /users/me/profile
insurance/refund-status.tsx	insurance		0	1		missing-or-merged-route-review	/../src/components/Icon | /../src/components/ui | /../src/context/AppContext | /../src/utils/api | // | /AppText | /ScrollView | /TouchableOpacity | /View | /refunds/my
insurance/submit-claim.tsx	insurance		0	5	POST	missing-or-merged-route-review	/../src/components/Icon | /../src/components/LocalizedAlert | /../src/components/ui | /../src/context/AppContext | /../src/utils/api | // | /AppText | /Card | /ScrollView | /View | /insurance/claims/submit | /insurance/submit-claim.tsx
loyalty/challenges.tsx	loyalty		0	2	POST	missing-or-merged-route-review	/../src/components/Icon | /../src/components/LocalizedAlert | /../src/components/ui | /../src/context/AppContext | /../src/utils/api | // | /AppText | /TouchableOpacity | /View | /loyalty/challenges | /loyalty/challenges/${id}/join | /utils/dates | /{total}
loyalty/hub.tsx	loyalty		3	6	POST	missing-or-merged-route-review	/../src/components/Icon | /../src/components/LocalizedAlert | /../src/components/ui | /../src/context/AppContext | /../src/utils/api | // | /AppText | /ScrollView | /TouchableOpacity | /View | /loyalty/account | /loyalty/config | /loyalty/hub.tsx | /loyalty/leaderboard | /loyalty/rewards | /loyalty/rewards/${rid}/claim | /loyalty/transactions?page=1 | /utils/dates | /}
loyalty/leaderboard.tsx	loyalty		0	1		missing-or-merged-route-review	/../src/components/Icon | /../src/components/ui | /../src/context/AppContext | /../src/utils/api | // | /AppText | /View | /loyalty/leaderboard.tsx | /loyalty/leaderboard?limit=50 | /}
loyalty/referrals.tsx	loyalty		0	6	POST	missing-or-merged-route-review	/../src/components/Icon | /../src/components/LocalizedAlert | /../src/components/ui | /../src/context/AppContext | /../src/utils/api | // | //nabdahplus.com/invite | /AppText | /Card | /POST | /ScrollView | /View | /loyalty/referrals.tsx | /referrals | /referrals/apply | /referrals/my | /utils/dates | /}
loyalty/rewards.tsx	loyalty		0	2	POST	missing-or-merged-route-review	/../src/components/Icon | /../src/components/LocalizedAlert | /../src/components/ui | /../src/context/AppContext | /../src/utils/api | // | /AppText | /Card | /ScrollView | /TouchableOpacity | /View | /loyalty/account | /loyalty/rewards | /loyalty/rewards/${reward.id}/claim
map/index.tsx	map		6	13		missing-or-merged-route-review	/../src/components/Icon | /../src/components/MapPrimitives | /../src/components/ui | /../src/context/AppContext | /../src/utils/api | /../src/utils/localize | // | /Animated.View | /AppText | /MapView | /Marker | /React.Fragment | /ScrollView | /TouchableOpacity | /View | /consultations | /consultations/doctor-profile | /coords | /diagnostics/booking-confirm | /distance/eta/price | /health/edit-profile | /lng | /map/index.tsx | /nursing | /pharmacy | /providers/map?${query.toString | /user/insurance | /}
maternity/baby-development.tsx	maternity		0	0		missing-or-merged-route-review	/maternity/hub
maternity/baby-growth.tsx	maternity		0	0		missing-or-merged-route-review	/maternity/hub
maternity/fetus-data.ts	maternity		0	0		missing-or-merged-route-review	/../assets/images/maternity/fetus/week_1.jpg | /../assets/images/maternity/fetus/week_12.jpg | /../assets/images/maternity/fetus/week_13.jpg | /../assets/images/maternity/fetus/week_14.jpg | /../assets/images/maternity/fetus/week_15.jpg | /../assets/images/maternity/fetus/week_16.png | /../assets/images/maternity/fetus/week_17.jpg | /../assets/images/maternity/fetus/week_17.png | /../assets/images/maternity/fetus/week_18.png | /../assets/images/maternity/fetus/week_19.png | /../assets/images/maternity/fetus/week_2.jpg | /../assets/images/maternity/fetus/week_20.png | /../assets/images/maternity/fetus/week_21.png | /../assets/images/maternity/fetus/week_22.png | /../assets/images/maternity/fetus/week_23.png | /../assets/images/maternity/fetus/week_24.png | /../assets/images/maternity/fetus/week_25.png | /../assets/images/maternity/fetus/week_26.png | /../assets/images/maternity/fetus/week_27.png | /../assets/images/maternity/fetus/week_28.png | /../assets/images/maternity/fetus/week_29.png | /../assets/images/maternity/fetus/week_3.jpg | /../assets/images/maternity/fetus/week_30.png | /../assets/images/maternity/fetus/week_31.png | /../assets/images/maternity/fetus/week_32.png | /../assets/images/maternity/fetus/week_33.png | /../assets/images/maternity/fetus/week_34.png | /../assets/images/maternity/fetus/week_35.png | /../assets/images/maternity/fetus/week_36.png | /../assets/images/maternity/fetus/week_37.png | /../assets/images/maternity/fetus/week_38.png | /../assets/images/maternity/fetus/week_39.png | /../assets/images/maternity/fetus/week_4.jpg | /../assets/images/maternity/fetus/week_40.png | /../assets/images/maternity/fetus/week_5.jpg | /../assets/images/maternity/fetus/week_6.jpg | /../assets/images/maternity/fetus/week_7.jpg | /../assets/images/maternity/fetus/week_8.jpg | /../assets/images/maternity/fetus/week_9.jpg | //
maternity/hub.tsx	maternity		2	4		missing-or-merged-route-review	/../src/components/Icon | /../src/components/ui | /../src/context/AppContext | /../src/i18n/maternity | /../src/utils/api | /Animated.View | /AppText | /Card | /ScrollView | /View | /maternity/maternity-setup | /maternity/profile
maternity/maternity-setup.tsx	maternity		1	2	POST	missing-or-merged-route-review	/../src/components/ui | /../src/context/AppContext | /../src/i18n/maternity | /../src/utils/api | /Animated.View | /AppText | /Card | /ScrollView | /View | /maternity/hub | /maternity/profile
maternity/ovulation-tracker.tsx	maternity		0	0		missing-or-merged-route-review	/maternity/hub
maternity/pregnancy-tracker.tsx	maternity		0	0		missing-or-merged-route-review	/maternity/hub
mental-health/breathing.tsx	mental-health	/[locale]/mental-health/breathing	0	0		partial-route-only	/mental-health/hub
mental-health/crisis-support.tsx	mental-health		1	9	DELETE,POST	missing-or-merged-route-review	/../src/components/Icon | /../src/components/ui | /../src/context/AppContext | /../src/i18n/mental-health | /../src/utils/api | /AppText | /Modal | /ScrollView | /TouchableOpacity | /View | /[ | /consultations | /g | /mental-health/crisis-contacts | /mental-health/crisis-contacts/${id}
mental-health/hub.tsx	mental-health		1	2		missing-or-merged-route-review	/../src/components/Icon | /../src/components/ui | /../src/context/AppContext | /../src/i18n/mental-health | /AppText | /ScrollView | /TouchableOpacity | /View | /consultations | /mental-health/crisis-support | /mental-health/mood-journal
mental-health/index.tsx	mental-health		0	0		missing-or-merged-route-review	// | /mental-health/hub
mental-health/meditation.tsx	mental-health	/[locale]/mental-health/meditation	0	0		partial-route-only	/mental-health/hub
mental-health/mood-journal.tsx	mental-health		0	6	POST	missing-or-merged-route-review	/../src/components/Icon | /../src/components/ui | /../src/context/AppContext | /../src/i18n/mental-health | /../src/utils/api | /../src/utils/dates | /../src/utils/mood-journal-contract | /AppText | /ScrollView | /TouchableOpacity | /View | /mental-health/mood | /mental-health/mood?days=30
mental-health/self-assessment.tsx	mental-health		0	0		missing-or-merged-route-review	/mental-health/hub
mental-health/therapist-match.tsx	mental-health		0	0		missing-or-merged-route-review	/consultations
notifications/index.tsx	notifications	/notifications	2	6	POST	partial-route-contract-review	/../src/components/Icon | /../src/components/ui | /../src/context/AppContext | /../src/hooks/usePushNotifications | /../src/utils/api | // | /AppText | /Card | /ScrollView | /TouchableOpacity | /View | /notifications | /notifications/${n.id}/read | /notifications/index.tsx | /notifications/read-all | /orders/:id | /tracking/lab/:id | /utils/dates | /}
nursing/live-tracking.tsx	nursing		2	4		missing-or-merged-route-review	/../src/components/LocalizedText | /../src/components/MapPrimitives | /../src/context/AppContext | /../src/utils/api | // | //www.google.com/maps/dir/?api=1&destination=${trackingData.hospital_lat} | /BlurView | /LocalizedText | /MapView | /Svg | /TouchableOpacity | /View | /nursing/visits/${bookingId}/tracking | /}
nursing/nurse-profile.tsx	nursing		3	12	POST	missing-or-merged-route-review	/../src/components/LocalizedAlert | /../src/components/LocalizedText | /../src/context/AppContext | /../src/utils/api | /../src/utils/selectedAddress | // | /BlurView | /LocalizedText | /Modal | /ScrollView | /Svg | /TouchableOpacity | /TouchableWithoutFeedback | /View | /delivery/address-select | /home-care/bookings | /home-care/insurance/verify | /home-care/providers/${nurseId} | /insurance/coverage-check?provider_id=${nurseId}&service_type=home_nursing | /nursing/live-tracking | /saved | /}
nursing/service-details.tsx	nursing	/home-care/services	2	10		partial-route-only	/../src/components/LocalizedText | /../src/context/AppContext | /../src/utils/api | // | /BlurView | /LocalizedText | /Modal | /ScrollView | /Svg | /TouchableOpacity | /TouchableWithoutFeedback | /View | /home-care/providers?type=${serviceId}&sort=${sortType}&gender=${gender | /nursing/nurse-profile | /}
nursing/service-info.tsx	nursing	/home-care/services/[serviceId]	1	3		partial-route-only	/../src/components/LocalizedText | /../src/context/AppContext | /../src/utils/api | /../src/utils/localize | // | /LocalizedText | /ScrollView | /TouchableOpacity | /View | /duration | /home-care/services/${serviceId} | /nursing/service-details | /vector-icons/MaterialCommunityIcons | /}
nutrition/ai-meal-planner.tsx	nutrition		0	0		missing-or-merged-route-review	/nutrition/daily-tracker
nutrition/ai-plan-builder.tsx	nutrition		0	0		missing-or-merged-route-review	/nutrition/hub
nutrition/body-composition.tsx	nutrition		0	0		missing-or-merged-route-review	/nutrition/body-target
nutrition/body-target.tsx	nutrition		1	2	POST	missing-or-merged-route-review	/../src/components/ui | /../src/context/AppContext | /../src/i18n/nutrition | /../src/utils/api | /Animated.View | /AppText | /Card | /ScrollView | /View | /nutrition/hub | /nutrition/profile
nutrition/calorie-analyzer.tsx	nutrition		0	0		missing-or-merged-route-review	/nutrition/log-meal
nutrition/daily-tracker.tsx	nutrition		2	6	POST	missing-or-merged-route-review	/../src/components/ui | /../src/context/AppContext | /../src/i18n/nutrition | /../src/utils/api | /Animated.View | /AppText | /Card | /ScrollView | /View | /nutrition/daily-summary?date=${date} | /nutrition/log-meal | /nutrition/meals?date=${date} | /nutrition/water
nutrition/exercise-plan.tsx	nutrition		0	0		missing-or-merged-route-review	/nutrition/daily-tracker
nutrition/food-scanner.tsx	nutrition		0	0		missing-or-merged-route-review	/nutrition/log-meal
nutrition/hub.tsx	nutrition		4	7		missing-or-merged-route-review	/../src/components/Icon | /../src/components/ui | /../src/context/AppContext | /../src/i18n/nutrition | /../src/utils/api | /Animated.View | /AppText | /Card | /ScrollView | /View | /nutrition/body-target | /nutrition/daily-summary | /nutrition/daily-tracker | /nutrition/log-meal | /nutrition/profile
nutrition/index.tsx	nutrition		0	0		missing-or-merged-route-review	// | /nutrition/hub
nutrition/log-meal.tsx	nutrition		1	2	POST	missing-or-merged-route-review	/../src/components/ui | /../src/context/AppContext | /../src/i18n/nutrition | /../src/utils/api | /Animated.View | /AppText | /Card | /ScrollView | /View | /nutrition/daily-tracker | /nutrition/meals
nutrition/nutrition-plan.tsx	nutrition		0	0		missing-or-merged-route-review	/nutrition/hub
nutrition/water-tracker.tsx	nutrition		0	0		missing-or-merged-route-review	/nutrition/daily-tracker
offers/[id].tsx	offers		1	5		missing-or-merged-route-review	/../src/components/Icon | /../src/components/ui | /../src/context/AppContext | /../src/utils/api | /../src/utils/localize | // | /AppText | /Card | /ScrollView | /TouchableOpacity | /View | /consultations/book/[id] | /offers/${offerId} | /offers/:id | /offers/[id].tsx | /promotions/offers/${offerId}/providers | /promotions/offers/:id/providers | /utils/dates | /}
offers/index.tsx	offers		1	3		missing-or-merged-route-review	/../src/components/Icon | /../src/components/ui | /../src/context/AppContext | /../src/utils/api | // | /AppText | /Card | /ScrollView | /TouchableOpacity | /View | /home/offers | /offers/${o.id} | /offers/index.tsx
orders/index.tsx	orders		1	4		missing-or-merged-route-review	/../src/components/Icon | /../src/components/ui | /../src/context/AppContext | /../src/utils/api | /../src/utils/localize | // | /AppText | /ScrollView | /TouchableOpacity | /View | /care/appointments/mine | /consultations/appointment-detail | /diagnostics/orders | /emergency/my/active | /emergency/tracking | /home-care/bookings/my | /insurance/claim-tracking | /insurance/claims | /labs/bookings/mine | /nursing/live-tracking | /orders/index.tsx | /orders/mine | /pharmacy/order-tracking | /pharmacy/returns | /radiology/bookings/mine | /returns/detail | /utils/dates | /}
payments/failed.tsx	payments		2	3		missing-or-merged-route-review	/../src/components/Icon | /../src/components/ui | /../src/context/AppContext | // | /AppText | /TouchableOpacity | /View | /payments/failed.tsx | /wallet/hub
payments/failure.tsx	payments		1	3		missing-or-merged-route-review	/../src/components/Icon | /../src/components/ui | /../src/context/AppContext | // | /AppText | /Card | /View
payments/processing.tsx	payments		5	2	POST	missing-or-merged-route-review	/${MAX_ATTEMPTS} | /../src/components/Icon | /../src/components/ui | /../src/context/AppContext | /../src/utils/api | // | /Animated.View | /AppText | /View | /initiated | /moyasar/payments/sync/${moyasarId} | /payments/failed | /payments/processing.tsx | /payments/success | /payments/verify/${moyasarId} | /wallet/topup/confirm | /}
payments/success.tsx	payments		7	5		missing-or-merged-route-review	/../src/components/Icon | /../src/components/ui | /../src/context/AppContext | /../src/context/CartContext | // | /Animated.View | /AppText | /TouchableOpacity | /View | /consultations/booking-pending | /consultations/booking-success | /consultations/clinic-location | /consultations/home-visit-tracking | /payments/success.tsx | /pharmacy/order-tracking | /utils/dates | /wallet/hub
pharmacy/barcode-scanner.tsx	pharmacy		5	9	POST	missing-or-merged-route-review	/../src/components/Icon | /../src/components/ui | /../src/context/AppContext | /../src/utils/api | /../src/utils/localize | // | /AppText | /Card | /TouchableOpacity | /View | /ai/medicine-image-search | /medicines/by-barcode/${encodeURIComponent | /medicines?search=${encodeURIComponent | /pharmacy/drug-not-found | /pharmacy/product-detail | /search | /}
pharmacy/broadcast-status.tsx	pharmacy		1	2	POST	missing-or-merged-route-review	/../src/components/Icon | /../src/components/LocalizedAlert | /../src/components/ui | /../src/context/AppContext | /../src/utils/api | // | /AppText | /Card | /ScrollView | /View | /orders/bids/${bidId}/accept | /orders/bids/request/${orderId} | /pharmacy/broadcast-status.tsx | /pharmacy/order-tracking
pharmacy/cart.tsx	pharmacy	/cart	3	12		partial-route-only	/../src/components/LocalizedAlert | /../src/components/LocalizedText | /../src/context/AppContext | /../src/context/CartContext | /../src/theme/colors | // | /LocalizedText | /ScrollView | /TouchableOpacity | /View | /consultations | /pharmacy/cart.tsx | /pharmacy/checkout | /pharmacy/manual-order | /}
pharmacy/chat-with-pharmacist.tsx	pharmacy		1	10	POST	missing-or-merged-route-review	/../src/components/Icon | /../src/components/LocalizedAlert | /../src/components/ui | /../src/context/AppContext | /../src/utils/api | // | /Animated.View | /AppText | /TouchableOpacity | /View | /chat/history | /chat/threads/${threadId}/messages | /chat/threads/${tid}/messages | /chat/threads/booking | /jpeg | /media/upload | /orders/${orderId} | /pharmacy/cart | /utils/dates | /}
pharmacy/checkout.tsx	pharmacy	/cart/checkout	4	7	POST	partial-route-contract-review	/../src/components/LocalizedAlert | /../src/components/LocalizedText | /../src/context/AppContext | /../src/context/CartContext | /../src/theme/colors | /../src/utils/api | // | /LocalizedText | /ScrollView | /TouchableOpacity | /View | /finance-engine/coupons/validate | /finance-engine/loyalty/redeem-quote | /orders/create | /pharmacy/checkout.tsx | /pharmacy/order-tracking | /pharmacy/waiting-for-pharmacy | /profile/insurance | /shared/location-picker | /users/me/profile | /wallet/balance | /}
pharmacy/custom-item.tsx	pharmacy		1	4	POST	missing-or-merged-route-review	/../src/components/Icon | /../src/components/LocalizedAlert | /../src/components/ui | /../src/context/AppContext | /../src/utils/api | // | /AppText | /ScrollView | /TouchableOpacity | /View | /jpeg | /media/upload | /pharmacy | /support/requests
pharmacy/drug-not-found.tsx	pharmacy		1	6		missing-or-merged-route-review	/../src/components/Icon | /../src/components/LocalizedAlert | /../src/components/ui | /../src/context/AppContext | /../src/utils/api | // | /AppText | /Card | /ScrollView | /TouchableOpacity | /View | /g | /patient/pharmacy/shortage-flags/lookup?generic_name=${encodeURIComponent | /pharmacy | /}
pharmacy/filters.tsx	pharmacy		1	8		missing-or-merged-route-review	/../src/components/Icon | /../src/components/LocalizedText | /../src/context/AppContext | /../src/theme/colors | /../src/utils/api | // | /LocalizedText | /ScrollView | /TouchableOpacity | /View | /medicines/filters | /pharmacy | /pharmacy/filters.tsx | /}
pharmacy/manual-order.tsx	pharmacy		1	4		missing-or-merged-route-review	/../src/components/LocalizedText | /../src/context/AppContext | /../src/context/CartContext | /../src/theme/colors | // | /KeyboardAvoidingView | /LocalizedText | /ScrollView | /TouchableOpacity | /View | /pharmacy/cart | /}
pharmacy/medicine-compare.tsx	pharmacy		0	2		missing-or-merged-route-review	/../src/components/Icon | /../src/components/ui | /../src/context/AppContext | /../src/utils/api | /../src/utils/localize | // | /AppText | /ScrollView | /TouchableOpacity | /View | /medicines/compare | /}
pharmacy/order-confirm.tsx	pharmacy	/orders/[orderId]	2	3	POST	partial-route-contract-review	/../src/components/LocalizedAlert | /../src/components/LocalizedText | /../src/context/AppContext | /../src/theme/colors | /../src/utils/api | // | /LocalizedText | /ScrollView | /TouchableOpacity | /View | /orders/${orderId} | /orders/${orderId}/approve-basket | /orders/${orderId}/reject-basket | /pharmacy/order-confirm.tsx | /pharmacy/payment | /pharmacy/waiting-for-pharmacy | /}
pharmacy/order-history.tsx	pharmacy	/orders	2	4		partial-route-only	/../src/components/LocalizedText | /../src/context/AppContext | /../src/context/CartContext | /../src/hooks/useGuestGuard | /../src/theme/colors | /../src/utils/api | /../src/utils/localize | // | /LocalizedText | /TouchableOpacity | /View | /orders/mine | /pharmacy/cart | /pharmacy/order-tracking | /utils/dates
pharmacy/order-tracking.tsx	pharmacy	/orders/[orderId]/tracking	3	4		partial-route-only	/../src/components/LocalizedText | /../src/context/AppContext | /../src/theme/colors | /../src/utils/api | // | /LocalizedText | /ScrollView | /TouchableOpacity | /View | /orders/${orderIdStr}/tracking | /orders/:orderId/tracking | /pharmacy | /pharmacy/chat-with-pharmacist | /pharmacy/order-tracking.tsx | /reviews | /utils/dates | /}
pharmacy/payment.tsx	pharmacy	/orders/[orderId]	4	4	POST	partial-route-contract-review	/../src/components/LocalizedAlert | /../src/components/LocalizedText | /../src/context/AppContext | /../src/context/CartContext | /../src/theme/colors | /../src/utils/api | /../src/utils/payment-idempotency | // | /LocalizedText | /ScrollView | /TouchableOpacity | /View | /failed. | /orders/${orderId} | /payments/intent/pharmacy/${orderId} | /payments/intent/pharmacy/:orderId | /payments/processing | /payments/verify | /pharmacy/order-tracking | /pharmacy/payment.tsx | /}
pharmacy/pharmacist-chat.tsx	pharmacy		3	4		missing-or-merged-route-review	/../src/components/LocalizedText | /../src/context/AppContext | /../src/context/SocketContext | /../src/theme/colors | /../src/utils/api | // | /KeyboardAvoidingView | /LocalizedText | /ScrollView | /TouchableOpacity | /View | /pharmacy/cart | /pharmacy/chat/threads | /pharmacy/chat/threads/${threadId}/messages | /pharmacy/order-history | /pharmacy/payment
pharmacy/product-detail.tsx	pharmacy	/medicines/[medicineId]	4	17	POST	partial-route-contract-review	/../src/components/LocalizedAlert | /../src/components/LocalizedText | /../src/components/ProductImage | /../src/context/AppContext | /../src/context/CartContext | /../src/i18n | /../src/theme/colors | /../src/utils/api | /../src/utils/imageUrl | /../src/utils/localize | /../src/utils/prefetch | /../src/utils/productNav | // | /Animated.View | /LocalizedText | /Modal | /ScrollView | /TouchableOpacity | /View | /category/name | /category/package | /medicines/${id}/details?lang=${currentDbLang | /medicines/${id}/suggest-change | /pharmacy/cart | /pharmacy/product-detail | /}
pharmacy/product-search.tsx	pharmacy		0	0		missing-or-merged-route-review	// | /search
pharmacy/reorder.tsx	pharmacy		2	7	POST	missing-or-merged-route-review	/../src/components/Icon | /../src/components/ui | /../src/context/AppContext | /../src/utils/api | /../src/utils/localize | // | /AppText | /Card | /ScrollView | /TouchableOpacity | /View | /orders/${orderId} | /orders/${orderId}/reorder | /orders/${orderId}/reorder-partial | /pharmacy | /pharmacy/waiting-for-pharmacy | /}
pharmacy/rx-order.tsx	pharmacy		1	2		missing-or-merged-route-review	/../src/components/Icon | /../src/components/LocalizedAlert | /../src/components/ui | /../src/context/AppContext | /../src/context/CartContext | /../src/utils/api | // | /AppText | /Card | /ScrollView | /View | /cart/prescription | /pharmacy/checkout | /pharmacy/rx-order.tsx
pharmacy/scan-prescription.tsx	pharmacy		1	3	POST	missing-or-merged-route-review	/../src/components/LocalizedAlert | /../src/components/LocalizedText | /../src/context/AppContext | /../src/context/CartContext | /../src/theme/colors | /../src/utils/api | /../src/utils/localize | // | /LocalizedText | /TouchableOpacity | /View | /ai/prescription-ocr | /jpeg | /pharmacy/cart | /pharmacy/rx-order | /prescriptions/upload | /}
pharmacy/waiting-for-pharmacy.tsx	pharmacy		2	1	POST	missing-or-merged-route-review	/../src/components/LocalizedAlert | /../src/components/LocalizedText | /../src/context/AppContext | /../src/theme/colors | /../src/utils/api | // | /Animated.View | /LocalizedText | /TouchableOpacity | /View | /orders/${orderId} | /orders/${orderId}/cancel | /orders/:orderId | /pharmacy | /pharmacy/order-confirm | /pharmacy/waiting-for-pharmacy.tsx | /}
pharmacy/wishlist.tsx	pharmacy		1	5	POST	missing-or-merged-route-review	/../src/components/Icon | /../src/components/ui | /../src/context/AppContext | /../src/context/CartContext | /../src/utils/api | /../src/utils/localize | // | /AppText | /TouchableOpacity | /View | /pharmacy/product-detail | /users/me/wishlist | /users/me/wishlist/${id}
profile/addresses.tsx	profile		0	2	PATCH	missing-or-merged-route-review	/../src/components/Icon | /../src/components/LocalizedAlert | /../src/components/ui | /../src/context/AppContext | /../src/utils/api | // | /AppText | /ScrollView | /TouchableOpacity | /View | /users/me/addresses | /users/me/addresses/${id}
profile/edit.tsx	profile		0	0		missing-or-merged-route-review	// | /health/edit-profile
profile/index.tsx	profile	/profile	3	6		partial-route-only	/../src/components/Icon | /../src/components/ui | /../src/context/AppContext | /../src/hooks/useGuestGuard | /../src/store/slices/authSlice | /../src/utils/api | // | /AppText | /Card | /ScrollView | /TouchableOpacity | /View | /consultations/appointments | /health | /health/edit-profile | /health/family-hub | /health/medications | /health/prescriptions | /health/reports | /loyalty/account | /loyalty/hub | /orders | /profile/addresses | /profile/index.tsx | /profile/insurance | /settings | /wallet/hub | /welcome
profile/insurance.tsx	profile	/[locale]/insurance	0	7	POST	partial-route-contract-review	/../src/components/Icon | /../src/components/LocalizedAlert | /../src/components/ui | /../src/context/AppContext | /../src/hooks/useGuestGuard | /../src/utils/api | // | /AppText | /ScrollView | /TouchableOpacity | /View | /insurance/companies | /insurance/companies/${c.id | /networks | /users/me/insurance
programs/active.tsx	programs		1	5	POST	missing-or-merged-route-review	/../src/components/Icon | /../src/components/LocalizedAlert | /../src/components/ui | /../src/context/AppContext | /../src/utils/api | // | /AppText | /Card | /ScrollView | /TouchableOpacity | /View | /loyalty/hub | /medical/programs/active | /medical/programs/complete-session | /programs/active.tsx | /}
reports/ai-analysis.tsx	reports		0	0		missing-or-merged-route-review	/health/reports
reports/hub.tsx	reports	/health/reports	3	6		partial-route-only	/../src/components/Icon | /../src/components/ui | /../src/context/AppContext | /../src/utils/api | /../src/utils/localize | // | /AppText | /Card | /S21: | /ScrollView | /View | /dates/abnormal | /hub.tsx | /medical-reports/mine | /medical-reports/mine?limit=100 | /reports/ai-analysis | /reports/view-report | /utils/dates
reports/passport.tsx	reports		0	3		missing-or-merged-route-review	/../src/components/Icon | /../src/components/LocalizedAlert | /../src/components/ui | /../src/context/AppContext | /../src/utils/api | // | /AppText | /Card | /ScrollView | /TouchableOpacity | /View | /medical-profile | /medical-profile/passport-token | /reports/passport.tsx | /}
reports/timeline.tsx	reports		1	4		missing-or-merged-route-review	/../src/components/Icon | /../src/components/LocalizedAlert | /../src/components/ui | /../src/context/AppContext | /../src/utils/api | // | /AppText | /Card | /ScrollView | /TouchableOpacity | /View | /medical-reports/timeline | /reports/passport | /reports/timeline.tsx | /}
reports/view-report.tsx	reports		1	4		missing-or-merged-route-review	/../src/components/Icon | /../src/components/ui | /../src/context/AppContext | /../src/utils/api | /../src/utils/localize | // | /AppText | /Card | /S21: | /ScrollView | /View | /reports/${params.id} | /reports/:id | /reports/ai-analysis | /share | /utils/dates
returns/detail.tsx	returns		0	1		missing-or-merged-route-review	/../src/components/Icon | /../src/components/ui | /../src/context/AppContext | /../src/utils/api | // | /AppText | /ScrollView | /TouchableOpacity | /View | /pharmacy/returns/${returnId}
returns/hub.tsx	returns		3	5		missing-or-merged-route-review	/../src/components/Icon | /../src/components/ui | /../src/context/AppContext | /../src/utils/api | // | /AppText | /TouchableOpacity | /View | /pharmacy/returns | /returns/detail | /returns/new-request | /}
returns/new-request.tsx	returns		2	10	POST	missing-or-merged-route-review	/../src/components/Icon | /../src/components/LocalizedAlert | /../src/components/ui | /../src/context/AppContext | /../src/utils/api | // | /AppText | /ScrollView | /TouchableOpacity | /View | /pharmacy/returns | /returns/hub | /returns/new-request.tsx | /}
reviews/index.tsx	reviews		0	5	POST	missing-or-merged-route-review	/../src/components/Icon | /../src/components/LocalizedAlert | /../src/components/ui | /../src/context/AppContext | /../src/utils/api | // | /AppText | /ScrollView | /TouchableOpacity | /View | /patient-ux/review | /reviews/index.tsx | /}
room/[id].tsx	room		0	4		missing-or-merged-route-review	// | //live.nabd.plus | /DSText | /LiveKitRoom | /SafeAreaView | /TouchableOpacity | /View | /calls/${id}/join | /design-system | /react-native | /services/HttpClient | /store | /vector-icons | /}
s/[type]/[slug].tsx	s		2	0		missing-or-merged-route-review	/-/g | /../../src/components/LocalizedText | /../../src/utils/api | // | //app.nabdahplus.com/s/:type/:slug | /LocalizedText | /View | /consultations/clinic/[id] | /consultations/doctor-profile | /diagnostics/search | /nursing | /pharmacy/product-detail | /search | /seo/resolve/${type}/${encodeURIComponent
search/index.tsx	search		9	3		missing-or-merged-route-review	/../src/components/LocalizedText | /../src/context/AppContext | /../src/theme/colors | /../src/utils/api | // | /LocalizedText | /ScrollView | /TouchableOpacity | /View | /[id] | /articles/${r.slug | /async-storage | /community/post-detail | /consultations/doctor/${id} | /diagnostics/test-detail | /family/member-health | /health | /home/search?q=${encodeURIComponent | /insurance/hub | /pharmacy/product-detail
services/index.tsx	services		1	2		missing-or-merged-route-review	/../src/components/Icon | /../src/components/ui | /../src/context/AppContext | // | /AppText | /Card | /ScrollView | /TouchableOpacity | /View | /ai/monthly-report | /ai/prescription-translator | /ai/symptom-checker | /community/hub | /consultations | /diagnostics | /emergency/sos | /family | /health | /health/smart-reminders | /insurance | /loyalty/hub | /map | /maternity/hub | /mental-health | /nursing | /nutrition/hub | /offers | /orders | /pharmacy | /reports/view-report | /services/index.tsx | /wallet/hub
settings/about.tsx	settings		2	4		missing-or-merged-route-review	/../src/components/Icon | /../src/components/ui | /../src/context/AppContext | // | //instagram.com/nabdahplus | //nabdahplus.com | //twitter.com/nabdahplus | /Animated.View | /AppText | /Card | /ScrollView | /TouchableOpacity | /View | /settings/privacy | /settings/terms
settings/data.tsx	settings		1	2		missing-or-merged-route-review	/../src/components/Icon | /../src/components/ui | /../src/context/AppContext | /../src/utils/api | // | /AppText | /ScrollView | /TouchableOpacity | /View | /settings/data.tsx | /settings/privacy | /users/me/storage
settings/feedback.tsx	settings		0	5	POST	missing-or-merged-route-review	/../src/components/Icon | /../src/components/ui | /../src/context/AppContext | /../src/utils/api | // | /AppText | /TouchableOpacity | /View | /settings/feedback.tsx | /support/feedback | /}
settings/help.tsx	settings		2	5		missing-or-merged-route-review	/../src/components/Icon | /../src/components/ui | /../src/context/AppContext | /../src/utils/api | // | /7 | /AppText | /ScrollView | /TouchableOpacity | /View | /config | /settings/feedback | /settings/help.tsx | /settings/support-chat | /support/faqs | /}
settings/index.tsx	settings	/settings	3	3		partial-route-only	/../src/components/Icon | /../src/components/ui | /../src/context/AppContext | /../src/store/slices/authSlice | /../src/utils/dates | // | /AppText | /Card | /ScrollView | /TouchableOpacity | /View | /profile | /settings/about | /settings/language | /settings/notifications-settings | /settings/privacy | /settings/security | /settings/support-chat | /settings/terms | /support/chat | /welcome
settings/language.tsx	settings		0	2		missing-or-merged-route-review	/../src/components/Icon | /../src/components/ui | /../src/context/AppContext | // | /AppText | /TouchableOpacity | /View | /settings/language.tsx
settings/notifications-settings.tsx	settings		0	1	PATCH	missing-or-merged-route-review	/../src/components/Icon | /../src/components/ui | /../src/context/AppContext | /../src/utils/api | // | /Animated.View | /AppText | /Card | /ScrollView | /View | /users/me/notification-settings
settings/notifications.tsx	settings	/[locale]/notifications	0	0		partial-route-only	// | /settings/notifications-settings | /users/me/notification-settings
settings/privacy.tsx	settings		0	2	PATCH,POST	missing-or-merged-route-review	/../src/components/Icon | /../src/components/LocalizedAlert | /../src/components/ui | /../src/context/AppContext | /../src/utils/api | // | /AppText | /ScrollView | /TouchableOpacity | /View | /settings/privacy.tsx | /support/requests | /users/me/privacy-settings
settings/security.tsx	settings		0	4	DELETE,PATCH,POST	missing-or-merged-route-review	/../src/components/Icon | /../src/components/LocalizedAlert | /../src/components/ui | /../src/context/AppContext | /../src/utils/api | // | /AppText | /ScrollView | /TouchableOpacity | /View | /users/me/change-password | /users/me/security-settings | /users/me/sessions | /users/me/sessions/${s.id} | /}
settings/support-chat.tsx	settings		0	0		missing-or-merged-route-review	// | /support/chat
settings/terms.tsx	settings		0	1		missing-or-merged-route-review	/../src/components/Icon | /../src/components/ui | /../src/context/AppContext | // | /Animated.View | /AppText | /Card | /ScrollView | /View
shared/location-picker.tsx	shared		0	11	POST	missing-or-merged-route-review	/../src/components/Icon | /../src/components/LocalizedAlert | /../src/components/MapPrimitives | /../src/components/ui | /../src/context/AppContext | /../src/utils/api | /../src/utils/selectedAddress | // | /AppText | /MapView | /ScrollView | /TouchableOpacity | /View | /shared/location-picker.tsx | /users/me/addresses | /}
support/chat.tsx	support	/[locale]/chat	0	5	POST	partial-route-contract-review	/../src/components/Icon | /../src/components/LocalizedAlert | /../src/components/ui | /../src/context/AppContext | /../src/utils/api | // | /AppText | /KeyboardAvoidingView | /ScrollView | /TouchableOpacity | /View | /jpeg | /media/upload | /support/chat | /support/chat.tsx | /}
support/ticket.tsx	support		2	3		missing-or-merged-route-review	/../src/components/Icon | /../src/components/ui | /../src/context/AppContext | /../src/utils/api | // | /AppText | /ScrollView | /TouchableOpacity | /View | /support/chat | /support/ticket.tsx | /support/tickets
voice/index.tsx	voice		1	2		missing-or-merged-route-review	/../src/components/Icon | /../src/components/ui | /../src/context/AppContext | // | /AppText | /Card | /LinearGradient | /ScrollView | /TouchableOpacity | /View | /consultations/appointments | /consultations/doctor-search | /diagnostics | /emergency/sos | /nursing | /pharmacy | /voice/index.tsx
wallet/cards.tsx	wallet		0	4	DELETE,POST	missing-or-merged-route-review	/../src/components/Icon | /../src/components/LocalizedAlert | /../src/components/ui | /../src/context/AppContext | /../src/utils/api | // | /26 | /27 | /Animated.View | /AppText | /Card | /ScrollView | /TouchableOpacity | /View | /add/remove | /wallet/cards | /wallet/cards/${cardId}
wallet/hub.tsx	wallet		3	8	DELETE,POST	missing-or-merged-route-review	/${digits.slice | /../src/components/Icon | /../src/components/LocalizedAlert | /../src/components/ui | /../src/context/AppContext | /../src/hooks/useGuestGuard | /../src/utils/api | /.test | // | /AppText | /KeyboardAvoidingView | /Modal | /ScrollView | /TouchableOpacity | /View | /YY | /[ | /g | /loyalty/hub | /wallet/balance | /wallet/cards | /wallet/cards/${card.id} | /wallet/hub.tsx | /wallet/spending-data | /wallet/topup | /wallet/transactions | /wallet/transactions?page=1&limit=4 | /wallet/transfer | /}
wallet/topup.tsx	wallet		1	3	POST	missing-or-merged-route-review	/../src/components/Icon | /../src/components/LocalizedAlert | /../src/components/ui | /../src/context/AppContext | /../src/utils/api | // | /AppText | /Card | /ScrollView | /TouchableOpacity | /View | /[ | /g | /payments/processing | /wallet/balance | /wallet/topup | /wallet/topup.tsx | /wallet/topup/confirm
wallet/transactions.tsx	wallet		0	2		missing-or-merged-route-review	/../src/components/Icon | /../src/components/ui | /../src/context/AppContext | /../src/utils/api | // | /AppText | /TouchableOpacity | /View | /utils/dates | /wallet/transactions | /wallet/transactions.tsx | /}
wallet/transfer.tsx	wallet		0	3	POST	missing-or-merged-route-review	/../src/components/Icon | /../src/components/LocalizedAlert | /../src/components/ui | /../src/context/AppContext | /../src/utils/api | // | /AppText | /Card | /ScrollView | /View | /wallet/balance | /wallet/transfer | /wallet/transfer.tsx
wearables/hub.tsx	wearables		0	2	POST	missing-or-merged-route-review	/${Number | /../src/components/Icon | /../src/components/LocalizedAlert | /../src/components/ui | /../src/context/AppContext | /../src/utils/api | // | /AppText | /Card | /ScrollView | /View | /[ | /dL | /g | /health/vitals | /}
