path	bytes	no_go	security	payment_insurance	runtime_external	data_mock	performance
audit-artifacts/phase0-main-audit/NABD_Main_Source_Manifest_2026-08-24.md	675517	0	196	231	187	17	34
audit-artifacts/phase0-main-audit/NABD_Main_Source_Exclusions_2026-08-24.md	770	0	0	0	0	0	1
audit-artifacts/phase0-main-audit/phase0-surface-counts.txt	3482	0	0	4	1	0	4
audit-artifacts/phase0-main-audit/NABD_Contract_Route_Raw_Index_2026-08-24.md	470982	0	363	447	166	63	87
audit-artifacts/phase0-main-audit/NabdProvider-provider-surface-index.txt	21788	0	21	10	2	0	3
audit-artifacts/phase0-main-audit/nabd-patient-web-surface-index.txt	138529	0	176	50	97	51	36
audit-artifacts/phase0-main-audit/nabd_plus_patient_app-surface-index.txt	62832	0	69	46	6	5	15
audit-artifacts/phase0-main-audit/nabdah-backend-surface-index.txt	169453	0	156	191	55	0	29
audit-artifacts/phase0-main-audit/web_admin_dashboard-surface-index.txt	19128	0	9	16	1	0	4
audit-artifacts/phase0-main-audit/backend-route-inventory-raw.tsv	215345	0	122	284	77	0	37
audit-artifacts/phase0-main-audit/route-analysis-status.md	827	0	2	2	0	0	0
audit-artifacts/phase0-main-audit/NABD_Screen_and_User_Journey_Manifest_2026-08-24.md	15992	0	60	5	1	0	59
audit-artifacts/phase0-main-audit/semantic-evidence.md	4381	0	8	4	6	0	2
audit-artifacts/phase0-main-audit/NABD_Main_Traceability_Checkpoint_2026-08-24.md	2751	0	0	13	2	0	0
audit-artifacts/phase0-main-audit/NABD_Contract_and_Route_Inventory_2026-08-24.md	216791	0	123	286	78	0	37
audit-artifacts/phase0-main-audit/confirmed-findings-checkpoint.md	3849	0	11	0	12	0	7
audit-artifacts/phase0-main-audit/truthfulness-security-candidate-scan.txt	924184	0	789	590	256	2244	214
audit-artifacts/phase0-main-audit/truthfulness-context-review.txt	139182	0	67	59	24	540	20
audit-artifacts/phase0-main-audit/todo-line-inventory.tsv	250136	5	255	284	547	38	95
audit-artifacts/phase0-main-audit/todo-complete-read-summary.md	1597	0	1	4	4	0	2
audit-artifacts/phase0-main-audit/phase13-evidence-reconciliation.md	3362	0	4	0	10	0	0
audit-artifacts/phase0-main-audit/semantic-evidence-doctor-provider.md	2714	0	5	8	1	1	1
audit-artifacts/phase0-main-audit/semantic-evidence-nursing-provider.md	7028	0	10	8	3	0	6
audit-artifacts/phase0-main-audit/semantic-coverage-status.md	3599	0	6	6	5	0	3
audit-artifacts/phase0-main-audit/semantic-evidence-web-bff.md	1633	0	2	1	1	0	0
audit-artifacts/phase0-main-audit/semantic-evidence-mobile-auth.md	2265	0	12	0	0	0	0
audit-artifacts/phase0-main-audit/semantic-evidence-mobile-navigation.md	1799	0	5	0	2	0	1
audit-artifacts/phase0-main-audit/semantic-evidence-patient-web-auth-cart.md	1606	0	1	3	0	0	0
audit-artifacts/phase0-main-audit/semantic-evidence-patient-web-consultations.md	1736	0	2	2	0	0	1
audit-artifacts/phase0-main-audit/semantic-evidence-patient-booking.md	1858	0	2	7	2	0	1
audit-artifacts/phase0-main-audit/semantic-evidence-patient-appointment-lifecycle.md	3262	0	9	17	3	0	0
audit-artifacts/phase0-main-audit/semantic-evidence-patient-web-diagnostics.md	1627	0	0	2	1	0	1
audit-artifacts/phase0-main-audit/semantic-evidence-patient-web-homecare.md	1242	0	1	5	0	0	0
audit-artifacts/phase0-main-audit/semantic-evidence-patient-web-pharmacy-orders.md	1499	0	0	4	2	0	0
audit-artifacts/phase0-main-audit/semantic-evidence-patient-web-order-detail.md	1466	0	0	4	2	0	0
audit-artifacts/phase0-main-audit/semantic-evidence-patient-web-medicines.md	1586	0	1	0	0	0	1
audit-artifacts/phase0-main-audit/semantic-evidence-patient-web-health-prescriptions.md	1679	0	3	2	0	0	2
audit-artifacts/phase0-main-audit/semantic-evidence-patient-web-profile-family-insurance.md	1805	0	5	7	0	0	1
audit-artifacts/phase0-main-audit/semantic-evidence-patient-web-notifications-chat.md	1579	0	1	0	0	0	2
audit-artifacts/phase0-main-audit/phase0-coverage-matrix.md	13943	0	38	33	11	1	23
audit-artifacts/phase0-main-audit/confirmed-findings-v1.md	1247430	2	1981	1127	1484	243	856
audit-artifacts/phase0-main-audit/backend-route-decorators.txt	215345	0	122	284	77	0	37
audit-artifacts/phase0-main-audit/semantic-evidence-backend-unified-bookings.md	3353	0	4	2	1	0	2
audit-artifacts/phase0-main-audit/backend-booking-contract-inventory.txt	67313	0	34	16	49	11	19
audit-artifacts/phase0-main-audit/remaining-screen-inventory.txt	30155	0	18	34	3	0	4
audit-artifacts/phase0-main-audit/semantic-evidence-mobile-consultation-booking.md	2701	0	8	17	0	0	2
audit-artifacts/phase0-main-audit/semantic-evidence-web-mobile-consultation-parity.md	2310	0	1	10	1	0	0
audit-artifacts/phase0-main-audit/semantic-evidence-labs-packages-parity.md	1965	0	1	0	0	0	1
audit-artifacts/phase0-main-audit/semantic-evidence-mobile-diagnostics-hub.md	2598	0	1	3	1	0	2
audit-artifacts/phase0-main-audit/NABD_DECISION_REQUIRED_2026-08-24.md	8101	0	16	26	8	0	3
audit-artifacts/phase0-main-audit/semantic-evidence-mobile-pharmacy.md	1804	0	1	0	1	1	5
audit-artifacts/phase0-main-audit/semantic-evidence-web-mobile-pharmacy-parity.md	3493	0	2	5	2	0	4
audit-artifacts/phase0-main-audit/semantic-evidence-mobile-nursing.md	2007	0	2	7	0	0	1
audit-artifacts/phase0-main-audit/semantic-evidence-backend-homecare-compat.md	2904	0	4	4	0	1	1
audit-artifacts/phase0-main-audit/semantic-evidence-admin-master-dashboard.md	1961	0	1	0	6	1	4
audit-artifacts/phase0-main-audit/admin-action-api-inventory.txt	74153	0	12	84	8	0	108
audit-artifacts/phase0-main-audit/semantic-evidence-admin-config-portal.md	1948	0	3	0	2	0	2
audit-artifacts/phase0-main-audit/semantic-evidence-admin-security-passkey.md	1727	0	14	0	7	0	2
audit-artifacts/phase0-main-audit/semantic-evidence-provider-nursing-dashboard.md	2085	0	2	3	1	0	4
audit-artifacts/phase0-main-audit/NABD_Main_End_to_End_Traceability_2026-08-24.md	13638	0	32	49	10	0	8
audit-artifacts/phase0-main-audit/semantic-evidence-provider-pharmacy-dashboard.md	2119	0	4	2	3	0	0
audit-artifacts/phase0-main-audit/semantic-evidence-provider-lab-dashboard.md	1496	0	3	5	0	0	2
audit-artifacts/phase0-main-audit/semantic-evidence-provider-radiology-dashboard.md	1746	0	1	6	0	0	3
audit-artifacts/phase0-main-audit/route-consumer-reconciliation-scan.txt	141982	0	85	140	33	82	71
audit-artifacts/phase0-main-audit/NABD_Audit_Findings_Main_2026-08-24.md	17964	2	48	39	17	4	13
audit-artifacts/phase0-main-audit/semantic-evidence-patient-web-settings.md	1389	0	4	0	1	0	0
audit-artifacts/phase0-main-audit/semantic-evidence-mobile-settings-index.md	1629	0	6	0	0	0	1
audit-artifacts/phase0-main-audit/semantic-evidence-backend-user-settings.md	1955	0	8	0	0	0	0
audit-artifacts/phase0-main-audit/semantic-evidence-mobile-security-settings.md	1360	0	6	0	2	0	4
audit-artifacts/phase0-main-audit/semantic-evidence-mobile-privacy-settings.md	1738	0	2	0	0	0	2
audit-artifacts/phase0-main-audit/semantic-evidence-mobile-notification-settings.md	1372	0	0	0	1	0	1
audit-artifacts/phase0-main-audit/semantic-evidence-mobile-notifications-inbox.md	1518	0	1	0	0	0	2
audit-artifacts/phase0-main-audit/semantic-evidence-mobile-data-management.md	1701	0	1	0	1	0	4
audit-artifacts/phase0-main-audit/semantic-evidence-mobile-language-settings.md	1118	0	0	0	1	0	2
audit-artifacts/phase0-main-audit/semantic-evidence-mobile-profile.md	1574	0	4	4	0	0	2
audit-artifacts/phase0-main-audit/semantic-evidence-mobile-addresses.md	1174	0	0	0	1	0	0
audit-artifacts/phase0-main-audit/semantic-evidence-mobile-profile-edit-redirect.md	811	0	2	0	0	0	1
audit-artifacts/phase0-main-audit/semantic-evidence-mobile-medical-profile-edit.md	1542	0	4	0	0	0	6
audit-artifacts/phase0-main-audit/semantic-evidence-mobile-health-home.md	1806	0	2	0	0	0	1
audit-artifacts/phase0-main-audit/semantic-evidence-mobile-vitals-summary.md	1185	0	1	0	0	0	2
audit-artifacts/phase0-main-audit/semantic-evidence-mobile-vitals-log.md	1401	0	1	0	0	0	3
audit-artifacts/phase0-main-audit/semantic-evidence-web-cart.md	1221	0	1	4	1	0	1
audit-artifacts/phase0-main-audit/semantic-evidence-mobile-medications.md	1462	0	1	0	2	0	2
audit-artifacts/phase0-main-audit/semantic-evidence-mobile-prescriptions.md	1625	0	2	0	1	0	2
audit-artifacts/phase0-main-audit/semantic-evidence-mobile-medication-reminder-add.md	1939	0	0	0	3	0	3
audit-artifacts/phase0-main-audit/semantic-evidence-mobile-family-hub.md	2001	0	3	0	0	0	2
audit-artifacts/phase0-main-audit/semantic-evidence-mobile-family-permissions.md	2115	0	4	3	0	0	2
audit-artifacts/phase0-main-audit/semantic-evidence-mobile-family-member-health.md	1828	0	1	0	0	0	0
audit-artifacts/phase0-main-audit/semantic-evidence-mobile-family-invite.md	1808	0	1	0	2	0	1
audit-artifacts/phase0-main-audit/semantic-evidence-mobile-family-join.md	1920	0	1	0	0	0	0
audit-artifacts/phase0-main-audit/semantic-evidence-mobile-family-scan.md	1244	0	1	0	0	0	2
audit-artifacts/phase0-main-audit/semantic-evidence-mobile-family-permission-request.md	1839	0	1	0	2	0	1
audit-artifacts/phase0-main-audit/semantic-evidence-mobile-family-chat.md	1679	0	2	0	2	0	6
audit-artifacts/phase0-main-audit/semantic-evidence-mobile-insurance.md	1722	0	7	8	0	1	6
audit-artifacts/phase0-main-audit/semantic-evidence-mobile-pharmacy-checkout.md	2689	0	5	21	2	0	2
audit-artifacts/phase0-main-audit/semantic-evidence-mobile-pharmacy-payment.md	2687	0	5	23	1	0	3
audit-artifacts/phase0-main-audit/semantic-evidence-mobile-order-tracking.md	1746	0	2	4	4	0	1
audit-artifacts/phase0-main-audit/semantic-evidence-mobile-orders-center.md	2165	0	3	6	2	0	3
audit-artifacts/phase0-main-audit/semantic-evidence-web-checkout-preview.md	1222	0	1	5	1	0	1
audit-artifacts/phase0-main-audit/semantic-evidence-mobile-nursing-service-details.md	1914	0	0	1	0	0	3
audit-artifacts/phase0-main-audit/semantic-evidence-mobile-pharmacy-order-history.md	2016	0	4	0	6	0	0
audit-artifacts/phase0-main-audit/semantic-evidence-mobile-pharmacy-reorder.md	1769	0	3	4	2	0	2
audit-artifacts/phase0-main-audit/semantic-evidence-mobile-pharmacy-order-confirm.md	1987	0	2	2	1	0	3
audit-artifacts/phase0-main-audit/semantic-evidence-mobile-database-provider.md	1958	0	1	0	3	0	3
audit-artifacts/phase0-main-audit/semantic-evidence-mobile-insurance-add-policy.md	1847	0	4	7	0	0	2
audit-artifacts/phase0-main-audit/semantic-evidence-mobile-insurance-coverage-check.md	1914	0	9	5	0	0	0
audit-artifacts/phase0-main-audit/mobile-screen-inventory-checkpoint.md	1446	0	2	2	0	0	0
audit-artifacts/phase0-main-audit/semantic-evidence-mobile-reports-hub.md	1739	0	2	0	0	0	4
audit-artifacts/phase0-main-audit/semantic-evidence-mobile-report-detail.md	1602	0	2	0	0	0	3
audit-artifacts/phase0-main-audit/semantic-evidence-mobile-report-ai-analysis.md	948	0	2	0	0	0	0
audit-artifacts/phase0-main-audit/semantic-evidence-mobile-returns-hub.md	1851	0	2	9	0	0	2
audit-artifacts/phase0-main-audit/semantic-evidence-mobile-returns-detail.md	1400	0	2	5	0	2	2
audit-artifacts/phase0-main-audit/semantic-evidence-mobile-returns-new-request.md	1801	0	4	6	0	0	1
audit-artifacts/phase0-main-audit/semantic-evidence-mobile-programs-active.md	1734	0	1	2	0	0	1
audit-artifacts/phase0-main-audit/semantic-evidence-mobile-reviews.md	1549	0	2	0	0	0	0
audit-artifacts/phase0-main-audit/semantic-evidence-mobile-room-video.md	1943	0	1	0	7	0	1
audit-artifacts/phase0-main-audit/semantic-evidence-mobile-services-hub.md	1620	0	1	3	1	0	2
audit-artifacts/phase0-main-audit/semantic-evidence-mobile-search.md	1694	0	1	1	0	0	1
audit-artifacts/phase0-main-audit/semantic-evidence-mobile-settings-support-chat.md	846	0	2	1	0	0	0
audit-artifacts/phase0-main-audit/semantic-evidence-mobile-help-center.md	1373	0	1	0	0	0	1
audit-artifacts/phase0-main-audit/semantic-evidence-mobile-health-passport.md	1644	0	2	0	0	0	1
audit-artifacts/phase0-main-audit/semantic-evidence-mobile-medical-timeline.md	1348	0	2	0	0	0	5
audit-artifacts/phase0-main-audit/semantic-evidence-mobile-insurance-network-providers.md	1486	0	3	4	0	0	1
audit-artifacts/phase0-main-audit/semantic-evidence-mobile-insurance-policy-detail.md	1420	0	1	4	0	0	2
audit-artifacts/phase0-main-audit/semantic-evidence-mobile-insurance-refund-status.md	1257	0	1	9	0	0	0
audit-artifacts/phase0-main-audit/semantic-evidence-mobile-insurance-submit-claim.md	1495	0	2	5	0	0	2
audit-artifacts/phase0-main-audit/semantic-evidence-mobile-insurance-payment-split.md	1710	0	2	23	0	0	2
audit-artifacts/phase0-main-audit/semantic-evidence-mobile-insurance-hub.md	2363	0	1	6	1	0	2
audit-artifacts/phase0-main-audit/semantic-evidence-mobile-insurance-benefits-summary.md	1539	0	2	4	0	0	1
audit-artifacts/phase0-main-audit/semantic-evidence-mobile-nursing-live-tracking.md	1645	0	1	0	4	0	1
audit-artifacts/phase0-main-audit/semantic-evidence-mobile-insurance-index.md	485	0	1	5	0	0	0
audit-artifacts/phase0-main-audit/semantic-evidence-mobile-nursing-nurse-profile.md	2334	0	3	11	0	0	3
audit-artifacts/phase0-main-audit/semantic-evidence-mobile-nursing-service-info.md	1593	0	2	6	0	0	1
audit-artifacts/phase0-main-audit/semantic-evidence-mobile-pharmacy-barcode-scanner.md	2036	0	2	0	0	0	0
audit-artifacts/phase0-main-audit/semantic-evidence-mobile-pharmacy-product-detail.md	2854	0	3	0	1	0	7
audit-artifacts/phase0-main-audit/semantic-evidence-mobile-pharmacy-drug-not-found.md	1671	0	2	0	1	0	2
audit-artifacts/phase0-main-audit/semantic-evidence-mobile-pharmacy-cart.md	1787	0	1	2	2	0	3
audit-artifacts/phase0-main-audit/semantic-evidence-mobile-pharmacy-chat.md	2280	0	3	1	1	0	2
audit-artifacts/phase0-main-audit/semantic-evidence-mobile-pharmacist-chat.md	2145	0	4	2	0	0	2
audit-artifacts/phase0-main-audit/semantic-evidence-mobile-pharmacy-order-tracking.md	2175	0	1	2	9	0	0
audit-artifacts/phase0-main-audit/semantic-evidence-mobile-pharmacy-waiting.md	2090	0	3	3	0	0	0
audit-artifacts/phase0-main-audit/semantic-evidence-mobile-pharmacy-product-search.md	1088	0	0	0	0	0	1
audit-artifacts/phase0-main-audit/semantic-evidence-mobile-pharmacy-barcode.md	1807	0	2	0	0	0	0
audit-artifacts/phase0-main-audit/semantic-evidence-mobile-pharmacy-manual-order.md	1526	0	1	0	0	2	1
audit-artifacts/phase0-main-audit/semantic-evidence-mobile-pharmacy-rx-order.md	1798	0	4	4	0	0	0
audit-artifacts/phase0-main-audit/semantic-evidence-mobile-pharmacy-scan-prescription.md	2162	0	2	0	0	1	4
audit-artifacts/phase0-main-audit/semantic-evidence-mobile-pharmacy-filters.md	1765	0	0	0	0	0	1
audit-artifacts/phase0-main-audit/semantic-evidence-mobile-pharmacy-compare.md	1653	0	1	0	0	1	1
audit-artifacts/phase0-main-audit/semantic-evidence-mobile-pharmacy-wishlist.md	1610	0	2	0	1	0	1
audit-artifacts/phase0-main-audit/semantic-evidence-mobile-community-hub.md	1724	0	5	0	0	0	2
audit-artifacts/phase0-main-audit/semantic-evidence-mobile-community-detail.md	1973	0	5	0	1	0	2
audit-artifacts/phase0-main-audit/semantic-evidence-mobile-wallet-hub.md	2266	0	6	12	2	0	2
audit-artifacts/phase0-main-audit/semantic-evidence-mobile-wallet-topup.md	1639	0	3	12	0	0	0
audit-artifacts/phase0-main-audit/semantic-evidence-mobile-wallet-transactions.md	1579	0	1	5	0	0	3
audit-artifacts/phase0-main-audit/semantic-evidence-mobile-wallet-cards.md	1939	0	5	6	1	1	2
audit-artifacts/phase0-main-audit/semantic-evidence-mobile-wallet-transfer.md	1851	0	3	5	0	0	0
audit-artifacts/phase0-main-audit/semantic-evidence-mobile-offers-index.md	1420	0	1	0	0	0	2
audit-artifacts/phase0-main-audit/semantic-evidence-mobile-map.md	2651	0	2	4	1	0	1
audit-artifacts/phase0-main-audit/semantic-evidence-mobile-offers-detail.md	1893	0	2	3	0	0	2
audit-artifacts/phase0-main-audit/semantic-evidence-mobile-settings-about.md	1280	0	1	0	1	0	0
audit-artifacts/phase0-main-audit/semantic-evidence-mobile-settings-feedback.md	1251	0	2	0	0	0	1
audit-artifacts/phase0-main-audit/semantic-evidence-mobile-settings-help.md	1459	0	1	0	0	0	2
audit-artifacts/phase0-main-audit/semantic-evidence-mobile-settings-terms.md	1438	0	1	4	1	0	0
audit-artifacts/phase0-main-audit/semantic-evidence-mobile-settings-privacy.md	1685	0	3	0	0	0	1
audit-artifacts/phase0-main-audit/semantic-evidence-mobile-support-chat-real.md	2142	0	3	0	2	1	5
audit-artifacts/phase0-main-audit/semantic-evidence-mobile-settings-notifications.md	1620	0	2	0	2	0	1
audit-artifacts/phase0-main-audit/semantic-evidence-mobile-settings-language.md	1254	0	0	0	2	1	2
audit-artifacts/phase0-main-audit/semantic-evidence-mobile-settings-data.md	1386	0	0	0	2	0	2
audit-artifacts/phase0-main-audit/semantic-evidence-mobile-support-ticket.md	1256	0	3	0	0	0	1
audit-artifacts/phase0-main-audit/semantic-evidence-mobile-settings-security.md	1936	0	9	0	3	0	2
audit-artifacts/phase0-main-audit/web-cta-parity-scan-2026-08-24.txt	18793	0	5	1	9	41	1
audit-artifacts/phase0-main-audit/backend-route-reconciliation-inventory-2026-08-24.txt	16516	0	0	18	8	0	2
audit-artifacts/phase0-main-audit/backend-route-reconciliation-wallet-pharmacy.md	2990	0	5	20	1	0	1
audit-artifacts/phase0-main-audit/backend-route-reconciliation-support-community-programs.md	3257	0	8	1	1	0	0
audit-artifacts/phase0-main-audit/backend-route-reconciliation-auth-otp.md	2611	0	17	0	5	0	0
audit-artifacts/phase0-main-audit/backend-route-reconciliation-unified-bookings.md	2952	0	4	2	4	0	0
audit-artifacts/phase0-main-audit/NABD_PHASE0_FINAL_CLOSURE_2026-08-24.md	7795	2	16	14	9	2	2
audit-artifacts/phase0-main-audit/REVIEWER_DELIVERY_INDEX.md	5055	1	2	1	6	0	0
audit-artifacts/phase0-main-audit/NABD_AUDIT_ARTIFACT_WHITESPACE_EXCEPTIONS_2026-08-24.md	6405	0	15	0	0	0	0
audit-artifacts/phase0b-backend/NABD_Phase0B_Backend_Semantic_Read_Manifest_2026-08-24.tsv	1123716	2	1912	1293	1171	226	769
audit-artifacts/phase0b-backend/NABD_Phase0B_Backend_Provenance_2026-08-24.md	6876	0	16	4	2	0	1
audit-artifacts/phase0b-backend/semantic-evidence-auth-controller.md	4807	0	32	2	7	0	2
audit-artifacts/phase0b-backend/semantic-evidence-patient-pharmacy-controller.md	1585	0	7	1	0	0	0
audit-artifacts/phase0b-backend/semantic-evidence-wallet-controller.md	3200	0	10	24	0	0	0
audit-artifacts/phase0b-backend/semantic-evidence-orders-controller.md	4431	0	10	9	11	0	5
audit-artifacts/phase0b-backend/semantic-evidence-unified-bookings-module.md	6782	0	8	11	5	2	2
audit-artifacts/phase0b-backend/semantic-evidence-health-controller.md	3195	0	6	2	1	1	0
audit-artifacts/phase0b-backend/semantic-evidence-homecare-controller.md	4798	0	5	14	1	0	1
audit-artifacts/phase0b-backend/semantic-evidence-radiology-controller.md	6073	0	12	11	4	0	7
audit-artifacts/phase0b-backend/semantic-evidence-labs-controller.md	3097	0	7	8	0	0	1
audit-artifacts/phase0b-backend/semantic-evidence-wallet-service.md	5161	0	4	37	0	0	2
audit-artifacts/phase0b-backend/semantic-evidence-appointments-controller.md	2334	0	8	4	0	0	0
audit-artifacts/phase0b-backend/semantic-evidence-appointments-service.md	5228	0	8	24	0	0	4
audit-artifacts/phase0b-backend/semantic-evidence-labs-service.md	5979	0	10	15	0	1	5
audit-artifacts/phase0b-backend/semantic-evidence-lab-results-controller.md	1306	0	5	3	0	0	1
audit-artifacts/phase0b-backend/semantic-evidence-lab-results-service.md	3278	0	8	2	0	0	5
audit-artifacts/phase0b-backend/semantic-evidence-auth-service.md	7133	0	15	2	25	3	16
audit-artifacts/phase0b-backend/semantic-evidence-auth-guard.md	3096	0	17	2	3	0	6
audit-artifacts/phase0b-backend/semantic-evidence-passkey-service.md	3080	0	12	2	2	0	7
audit-artifacts/phase0b-backend/semantic-evidence-device-trust-service.md	2803	0	5	2	17	0	6
audit-artifacts/phase0b-backend/semantic-evidence-auth-module.md	2097	0	22	2	11	0	2
audit-artifacts/phase0b-backend/semantic-evidence-passkey-controller.md	2567	0	16	2	7	0	0
audit-artifacts/phase0b-backend/semantic-evidence-orders-service.md	6978	0	14	32	17	0	8
audit-artifacts/phase0b-backend/semantic-evidence-pharmacy-controllers.md	3470	0	7	6	2	0	0
audit-artifacts/phase0b-backend/semantic-evidence-pharmacy-order-service.md	3643	0	7	5	2	0	1
audit-artifacts/phase0b-backend/semantic-evidence-pharmacy-orders-provider-service.md	3227	0	9	16	4	0	8
audit-artifacts/phase0b-backend/semantic-evidence-pharmacy-allocation-service.md	4701	0	11	13	14	0	0
audit-artifacts/phase0b-backend/semantic-evidence-smart-split-service.md	4329	0	8	4	1	0	2
audit-artifacts/phase0b-backend/semantic-evidence-pharmacy-broadcast-service.md	5007	0	9	5	6	0	3
audit-artifacts/phase0b-backend/semantic-evidence-pharmacy-chat-service.md	3729	0	9	9	3	0	0
audit-artifacts/phase0b-backend/semantic-evidence-pharmacy-shortage-service.md	3502	0	4	2	0	0	0
audit-artifacts/phase0b-backend/semantic-evidence-procurement-service.md	2940	0	7	5	0	0	0
audit-artifacts/phase0b-backend/semantic-evidence-pharmacy-notification-service.md	2435	0	6	2	1	0	1
audit-artifacts/phase0b-backend/semantic-evidence-pharmacy-inventory-ext-service.md	2465	0	5	3	1	0	1
audit-artifacts/phase0b-backend/semantic-evidence-pharmacy-seed-service.md	2483	0	5	4	3	3	0
audit-artifacts/phase0b-backend/semantic-evidence-pharmacy-module.md	2698	0	3	3	2	0	1
audit-artifacts/phase0b-backend/semantic-evidence-pharmacy-schema.md	4676	0	7	7	7	0	3
audit-artifacts/phase0b-backend/semantic-evidence-procurement-schemas.md	2968	0	8	4	0	0	5
audit-artifacts/phase0b-backend/semantic-evidence-idempotency-interceptor.md	2647	0	10	3	0	0	16
audit-artifacts/phase0b-backend/semantic-evidence-permissions.md	2146	0	9	3	1	0	0
audit-artifacts/phase0b-backend/semantic-evidence-device-limit-guard.md	1696	0	5	2	11	0	5
audit-artifacts/phase0b-backend/semantic-evidence-velocity-guard.md	1664	0	8	7	0	0	5
audit-artifacts/phase0b-backend/semantic-evidence-correlation-middleware.md	1662	0	5	2	0	0	0
audit-artifacts/phase0b-backend/semantic-evidence-audit-log-interceptor.md	2576	0	6	2	0	0	2
audit-artifacts/phase0b-backend/semantic-evidence-audit-plugin.md	1882	0	6	2	0	0	1
audit-artifacts/phase0b-backend/semantic-evidence-base-repository.md	1649	0	5	2	1	0	1
audit-artifacts/phase0b-backend/semantic-evidence-mongo-repository.md	2365	0	3	2	0	0	4
audit-artifacts/phase0b-backend/semantic-evidence-common-enums.md	3044	0	4	7	4	0	1
audit-artifacts/phase0b-backend/semantic-evidence-patient-web-auth-contract-spec.md	2781	0	13	2	3	6	5
audit-artifacts/phase0b-backend/semantic-evidence-auth-guard-spec.md	2209	0	10	2	1	2	2
audit-artifacts/phase0b-backend/semantic-evidence-idempotency-spec.md	2246	0	10	5	0	2	10
audit-artifacts/phase0b-backend/semantic-evidence-auth-service-spec.md	2378	0	12	2	2	3	3
audit-artifacts/phase0b-backend/semantic-evidence-audit-log-interceptor-spec.md	1772	0	4	2	0	3	2
audit-artifacts/phase0b-backend/semantic-evidence-labs-engine-controller.md	4162	0	18	17	3	0	4
audit-artifacts/phase0b-backend/semantic-evidence-labs-service-spec.md	2162	0	8	3	1	2	0
audit-artifacts/phase0b-backend/semantic-evidence-lab-results-service-spec.md	1835	0	8	3	3	2	4
audit-artifacts/phase0b-backend/semantic-evidence-lab-pdf-service.md	2624	0	3	2	0	1	0
audit-artifacts/phase0b-backend/semantic-evidence-lab-booking-schema.md	3136	0	6	12	1	0	1
audit-artifacts/phase0b-backend/semantic-evidence-lab-catalog-schema.md	2269	0	7	7	0	0	1
audit-artifacts/phase0b-backend/semantic-evidence-labservice-repository.md	1346	0	6	2	0	0	4
audit-artifacts/phase0b-backend/semantic-evidence-labbooking-repository.md	1396	0	6	3	0	0	4
audit-artifacts/phase0b-backend/semantic-evidence-labsample-repository.md	1494	0	7	2	0	0	4
audit-artifacts/phase0b-backend/semantic-evidence-labresult-repository.md	1465	0	4	2	0	0	4
audit-artifacts/phase0b-backend/semantic-evidence-labs-module.md	2164	0	4	2	1	0	2
audit-artifacts/phase0b-backend/semantic-evidence-labs-seed.md	2441	0	2	6	6	0	0
audit-artifacts/phase0b-backend/semantic-evidence-radiology-report-storage-spec.md	1930	0	4	2	3	5	1
audit-artifacts/phase0b-backend/semantic-evidence-radiology-service.md	6968	0	10	21	2	0	2
audit-artifacts/phase0b-backend/semantic-evidence-radiology-booking-schema.md	3000	0	6	11	1	0	2
audit-artifacts/phase0b-backend/semantic-evidence-radiologybooking-repository.md	1508	0	5	2	0	0	4
audit-artifacts/phase0b-backend/semantic-evidence-radiologyservice-repository.md	1505	0	4	1	0	0	4
audit-artifacts/phase0b-backend/semantic-evidence-radiology-provider-controller.md	4554	0	7	12	0	0	10
audit-artifacts/phase0b-backend/semantic-evidence-radiology-provider-controller-spec.md	1946	0	3	4	0	3	4
audit-artifacts/phase0b-backend/semantic-evidence-radiology-module.md	3386	0	2	5	2	0	1
audit-artifacts/phase0b-backend/semantic-evidence-radiology-seed.md	1977	0	2	5	1	0	0
audit-artifacts/phase0b-backend/semantic-evidence-radiology-notification-listener.md	2513	0	4	2	3	0	6
audit-artifacts/phase0b-backend/semantic-evidence-radiology-reminder-cron.md	2402	0	2	2	0	0	0
audit-artifacts/phase0b-backend/semantic-evidence-radiology-labresult-repository.md	1506	0	4	2	0	0	4
audit-artifacts/phase0b-backend/semantic-evidence-provider-auth-service.md	5617	0	12	0	4	0	5
audit-artifacts/phase0b-backend/semantic-evidence-provider-otp-service.md	3315	0	4	2	2	0	0
audit-artifacts/phase0b-backend/semantic-evidence-health.md	6198	0	3	0	4	0	7
audit-artifacts/phase0b-backend/semantic-evidence-scheduling-engine-service.md	3446	0	5	2	1	0	4
audit-artifacts/phase0b-backend/semantic-evidence-provider-request-engine-service.md	4534	0	12	4	0	0	3
audit-artifacts/phase0b-backend/semantic-evidence-provider-scoring-service.md	3100	0	3	2	0	0	1
audit-artifacts/phase0b-backend/semantic-evidence-assignment-strategy-service.md	4686	0	6	6	0	0	5
audit-artifacts/phase0b-backend/semantic-evidence-provider-matching-service.md	3877	0	7	5	0	1	13
audit-artifacts/phase0b-backend/semantic-evidence-service-capability-service.md	4384	0	5	7	3	0	5
audit-artifacts/phase0b-backend/semantic-evidence-provider-profile-service.md	4896	0	5	0	0	0	6
audit-artifacts/phase0b-backend/semantic-evidence-provider-notifications-service.md	2379	0	6	2	0	0	1
audit-artifacts/phase0b-backend/semantic-evidence-geo-engine-service.md	2318	0	6	2	0	0	1
audit-artifacts/phase0b-backend/semantic-evidence-provider-operators-service.md	3592	0	8	2	1	0	0
audit-artifacts/phase0b-backend/semantic-evidence-provider-schedule-service.md	2697	0	5	2	1	0	2
audit-artifacts/phase0b-backend/semantic-evidence-provider-dashboard-service.md	3512	0	4	10	2	0	0
audit-artifacts/phase0b-backend/semantic-evidence-provider-admin-service.md	4036	0	5	3	0	0	0
audit-artifacts/phase0b-backend/semantic-evidence-provider-image-processor-service.md	4239	0	6	2	0	0	9
audit-artifacts/phase0b-backend/semantic-evidence-provider-mailer-service.md	2836	0	5	2	3	1	0
audit-artifacts/phase0b-backend/semantic-evidence-provider-session-repository.md	1498	0	6	0	2	0	3
audit-artifacts/phase0b-backend/semantic-evidence-provider-account-repository.md	1460	0	6	0	0	0	3
audit-artifacts/phase0b-backend/semantic-evidence-provider-account-profile-repository.md	1540	0	7	0	0	0	3
audit-artifacts/phase0b-backend/semantic-evidence-provider-document-repository.md	1555	0	4	0	0	0	3
audit-artifacts/phase0b-backend/semantic-evidence-provider-bank-account-repository.md	1482	0	5	0	0	0	3
audit-artifacts/phase0b-backend/semantic-evidence-provider-assignment-spec.md	1990	0	4	0	1	3	0
audit-artifacts/phase0b-backend/semantic-evidence-provider-doctor-contract-spec.md	2540	0	4	7	0	3	3
audit-artifacts/phase0b-backend/semantic-evidence-provider-enums.md	2807	0	1	5	0	0	0
audit-artifacts/phase0b-backend/semantic-evidence-provider-controllers.md	6210	0	20	15	3	1	3
audit-artifacts/phase0b-backend/semantic-evidence-provider-seed-service.md	3749	0	8	3	7	1	1
audit-artifacts/phase0b-backend/semantic-evidence-providers-service-spec.md	1760	0	4	0	0	3	1
audit-artifacts/phase0b-backend/semantic-evidence-providers-service.md	5906	0	10	3	2	2	0
audit-artifacts/phase0b-backend/semantic-evidence-providers-controller.md	3145	0	7	1	3	1	0
audit-artifacts/phase0b-backend/semantic-evidence-provider-module.md	3093	0	6	1	7	0	4
audit-artifacts/phase0b-backend/semantic-evidence-providers-module.md	2157	0	7	0	0	0	4
audit-artifacts/phase0b-backend/semantic-evidence-provider-delta-schema.md	2479	0	2	0	0	0	4
audit-artifacts/phase0b-backend/semantic-evidence-hospital-sub-entity-schema.md	2604	0	5	0	0	0	1
audit-artifacts/phase0b-backend/semantic-evidence-hospital-enterprise-controller.md	3830	0	9	7	2	1	4
audit-artifacts/phase0b-backend/semantic-evidence-leave-requests-controller.md	2984	0	7	0	0	0	1
audit-artifacts/phase0b-backend/semantic-evidence-simulated-features-dto.md	3039	0	7	0	4	2	2
audit-artifacts/phase0b-backend/semantic-evidence-simulated-features-controller.md	5201	0	20	0	2	3	7
audit-artifacts/phase0b-backend/semantic-evidence-user-repository.md	2205	0	10	0	0	0	7
audit-artifacts/phase0b-backend/semantic-evidence-providerprofile-repository.md	1425	0	3	0	0	0	3
audit-artifacts/phase0b-backend/semantic-evidence-homecare-catalog-repository.md	1465	0	3	0	0	0	3
audit-artifacts/phase0b-backend/semantic-evidence-provider-notification-repository.md	1408	0	2	0	3	0	4
audit-artifacts/phase0b-backend/semantic-evidence-provider-schedule-slot-repository.md	1418	0	1	0	0	0	3
audit-artifacts/phase0b-backend/semantic-evidence-provider-delivery-zone-repository.md	1431	0	3	0	5	0	3
audit-artifacts/phase0b-backend/semantic-evidence-doctor-session-type-repository.md	1391	0	3	2	0	0	3
audit-artifacts/phase0b-backend/semantic-evidence-provider-requests-schema.md	3549	0	4	5	4	0	3
audit-artifacts/phase0b-backend/semantic-evidence-provider-assignment-attempt-repository.md	1424	0	1	0	0	0	3
audit-artifacts/phase0b-backend/semantic-evidence-provider-score-snapshot-repository.md	1521	0	2	0	0	0	3
audit-artifacts/phase0b-backend/semantic-evidence-provider-availability-repository.md	1504	0	2	0	3	0	4
audit-artifacts/phase0b-backend/semantic-evidence-profile-image-audit-repository.md	1466	0	2	0	0	0	3
audit-artifacts/phase0b-backend/semantic-evidence-provider-request-repository.md	1579	0	4	0	0	0	4
audit-artifacts/phase0b-backend/semantic-evidence-profile-image-metadata-repository.md	1430	0	5	0	0	0	3
audit-artifacts/phase0b-backend/semantic-evidence-provider-otp-repository.md	1404	0	4	0	0	0	3
audit-artifacts/phase0b-backend/semantic-evidence-lab-catalog-repository.md	1371	0	3	2	0	0	3
audit-artifacts/phase0b-backend/semantic-evidence-radiology-catalog-repository.md	1513	0	3	2	0	0	3
audit-artifacts/phase0b-backend/semantic-evidence-pharmacy-inventory-repository.md	1431	0	3	0	0	0	3
audit-artifacts/phase0b-backend/semantic-evidence-provider-auditlog-repository.md	1445	0	1	0	0	0	3
audit-artifacts/phase0b-backend/semantic-evidence-image-processing-job-repository.md	1456	0	4	0	0	0	3
audit-artifacts/phase0b-backend/semantic-evidence-provider-operator-repository.md	1457	0	2	0	0	0	4
audit-artifacts/phase0b-backend/semantic-evidence-provider-schemas-index.md	5280	0	4	1	3	0	1
audit-artifacts/phase0b-backend/semantic-evidence-provider-delta-schema-legacy.md	2084	0	4	1	1	0	1
audit-artifacts/phase0b-backend/semantic-evidence-provider-capabilities-schema.md	4835	0	1	2	1	1	0
audit-artifacts/phase0b-backend/semantic-evidence-pharmacy-medicine-repository.md	1538	0	4	0	0	0	3
audit-artifacts/phase0b-backend/semantic-evidence-orders-dispatch-service.md	4296	0	2	1	1	0	1
audit-artifacts/phase0b-backend/semantic-evidence-create-order-dto.md	2504	0	4	14	5	0	0
audit-artifacts/phase0b-backend/semantic-evidence-order-repository.md	1521	0	6	6	2	0	3
audit-artifacts/phase0b-backend/semantic-evidence-orders-module.md	2335	0	5	1	1	0	2
audit-artifacts/phase0b-backend/semantic-evidence-orders-pharmacy-inventory-repository.md	1603	0	2	0	0	0	3
audit-artifacts/phase0b-backend/semantic-evidence-delivery-repository.md	1547	0	3	2	13	0	3
audit-artifacts/phase0b-backend/semantic-evidence-orders-medicine-repository.md	1448	0	3	0	0	0	3
audit-artifacts/phase0b-backend/semantic-evidence-pharmacy-bid-repository.md	1494	0	3	0	0	0	3
audit-artifacts/phase0b-backend/semantic-evidence-orders-providerprofile-repository.md	1545	0	2	0	2	0	3
audit-artifacts/phase0b-backend/semantic-evidence-orders-refill-delivery-spec.md	2416	0	5	0	8	5	2
audit-artifacts/phase0b-backend/semantic-evidence-orders-service-spec.md	3268	0	17	4	4	10	1
audit-artifacts/phase0b-backend/semantic-evidence-procurement-controller.md	4726	0	8	0	3	0	2
audit-artifacts/phase0b-backend/semantic-evidence-pharmacy-shortage-service-spec.md	2986	0	6	0	0	9	2
audit-artifacts/phase0b-backend/semantic-evidence-pharmacy-provider-account-profile-repository.md	1965	0	2	0	2	0	3
audit-artifacts/phase0b-backend/semantic-evidence-pharmacy-provider-account-repository.md	1463	0	6	0	0	0	3
audit-artifacts/phase0b-backend/semantic-evidence-drug-shortage-flag-repository.md	1544	0	4	0	0	0	3
audit-artifacts/phase0b-backend/semantic-evidence-pharmacy-score-snapshot-repository.md	1514	0	1	0	0	0	3
audit-artifacts/phase0b-backend/semantic-evidence-pharmacy-provider-availability-repository.md	1548	0	2	0	3	0	4
audit-artifacts/phase0b-backend/semantic-evidence-admin-procurement-controller.md	3186	0	6	0	3	0	0
audit-artifacts/phase0b-backend/semantic-evidence-pharmacy-controllers-spec.md	2451	0	7	0	5	5	0
audit-artifacts/phase0b-backend/semantic-evidence-procurement-status-enum.md	1680	0	1	1	3	0	0
audit-artifacts/phase0b-backend/semantic-evidence-pharmacy-broadcast-repository.md	1501	0	4	0	4	0	5
audit-artifacts/phase0b-backend/semantic-evidence-pharmacy-quotation-repository.md	1770	0	5	1	0	0	3
audit-artifacts/phase0b-backend/semantic-evidence-drug-rejection-log-repository.md	1568	0	1	0	0	0	3
audit-artifacts/phase0b-backend/semantic-evidence-pharmacy-systemconfig-repository.md	1543	0	6	0	1	0	5
audit-artifacts/phase0b-backend/semantic-evidence-pharmacy-allocation-repository.md	1517	0	2	0	0	0	3
audit-artifacts/phase0b-backend/semantic-evidence-pharmacy-chat-message-repository.md	1625	0	4	0	1	0	3
audit-artifacts/phase0b-backend/semantic-evidence-pharmacy-chat-thread-repository.md	1560	0	3	0	0	0	3
audit-artifacts/phase0b-backend/semantic-evidence-procurement-request-repository.md	1612	0	3	0	0	0	4
audit-artifacts/phase0b-backend/semantic-evidence-pharmacy-low-stock-alert-repository.md	1561	0	3	0	3	0	3
audit-artifacts/phase0b-backend/semantic-evidence-pharmacy-inventory-item-repository.md	1722	0	1	0	0	0	3
audit-artifacts/phase0b-backend/semantic-evidence-pharmacy-order-repository.md	1611	0	3	5	2	0	3
audit-artifacts/phase0b-backend/semantic-evidence-admin-create-quotation-dto.md	2056	0	7	1	0	0	1
audit-artifacts/phase0b-backend/semantic-evidence-pharmacy-quotation-feedback-dto.md	1970	0	4	1	0	0	0
audit-artifacts/phase0b-backend/semantic-evidence-create-procurement-request-dto.md	2268	0	5	1	1	0	0
audit-artifacts/phase0b-backend/semantic-evidence-pharmacy-broadcast-service-spec.md	3350	0	8	0	3	4	1
audit-artifacts/phase0b-backend/semantic-evidence-procurement-service-spec.md	3499	0	10	1	0	6	0
audit-artifacts/phase0b-backend/semantic-evidence-orders-idempotency-contract-spec.md	1348	0	1	1	0	0	2
audit-artifacts/phase0b-backend/semantic-evidence-orders-ownership-contract-spec.md	1686	0	7	0	1	0	0
audit-artifacts/phase0b-backend/semantic-evidence-finance-engine-module.md	12121	0	8	58	4	0	12
audit-artifacts/phase0b-backend/semantic-evidence-admin-finance-controller.md	3465	0	5	10	0	0	1
audit-artifacts/phase0b-backend/semantic-evidence-moyasar-service.md	868	0	2	11	0	0	0
audit-artifacts/phase0b-backend/semantic-evidence-moyasar-module.md	7167	0	19	60	11	0	1
audit-artifacts/phase0b-backend/semantic-evidence-paymob-service.md	2794	0	9	11	2	0	6
audit-artifacts/phase0b-backend/semantic-evidence-paymob-controller.md	1644	0	4	7	0	0	3
audit-artifacts/phase0b-backend/semantic-evidence-payments-idor-spec.md	2477	0	6	14	2	1	1
audit-artifacts/phase0b-backend/semantic-evidence-payments-module.md	7351	0	10	59	1	1	6
audit-artifacts/phase0b-backend/semantic-evidence-paymob-module.md	889	0	0	2	0	0	1
audit-artifacts/phase0b-backend/semantic-evidence-pharmacy-ops-service.md	5316	0	3	4	3	0	5
audit-artifacts/phase0b-backend/semantic-evidence-pharmacy-ops-controller.md	2900	0	7	5	0	0	1
audit-artifacts/phase0b-backend/semantic-evidence-pharmacy-ops-pharmacyinventory-repository.md	998	0	1	0	0	0	2
audit-artifacts/phase0b-backend/semantic-evidence-pharmacy-ops-medicine-repository.md	941	0	1	0	0	0	2
audit-artifacts/phase0b-backend/semantic-evidence-pharmacy-ops-order-repository.md	918	0	1	0	0	0	2
audit-artifacts/phase0b-backend/semantic-evidence-pharmacy-ops-module.md	1337	0	2	0	0	0	1
audit-artifacts/phase0b-backend/semantic-evidence-withdrawal-request-schema.md	1416	0	1	0	0	0	1
audit-artifacts/phase0b-backend/semantic-evidence-wallet-schema.md	1831	0	0	14	0	0	1
audit-artifacts/phase0b-backend/semantic-evidence-wallet-module.md	1216	0	2	17	0	0	0
audit-artifacts/phase0b-backend/semantic-evidence-wallet-repository.md	878	0	0	10	0	0	2
audit-artifacts/phase0b-backend/semantic-evidence-wallet-transaction-repository.md	916	0	0	11	0	0	2
audit-artifacts/phase0b-backend/semantic-evidence-wallet-user-repository.md	836	0	1	3	0	0	2
audit-artifacts/phase0b-backend/semantic-evidence-nabd-extensions-wallet-repository.md	1011	0	0	8	0	0	2
audit-artifacts/phase0b-backend/semantic-evidence-nabd-extensions-wallet-transaction-repository.md	1017	0	0	10	0	0	2
audit-artifacts/phase0b-backend/semantic-evidence-commission-ledger-schema.md	1324	0	0	5	0	0	1
audit-artifacts/phase0b-backend/semantic-evidence-fraud-alert-duplicate-schemas.md	2135	0	0	2	0	0	2
audit-artifacts/phase0b-backend/semantic-evidence-procurement-request-schema.md	1407	0	0	1	0	0	1
audit-artifacts/phase0b-backend/semantic-evidence-medicines-service.md	5393	0	1	0	1	0	5
audit-artifacts/phase0b-backend/semantic-evidence-medicines-controller.md	3135	0	5	0	0	1	3
audit-artifacts/phase0b-backend/semantic-evidence-medicines-module.md	1191	0	2	0	0	0	1
audit-artifacts/phase0b-backend/semantic-evidence-refund-request-schema.md	1383	0	1	7	0	0	0
audit-artifacts/phase0b-backend/semantic-evidence-transaction-schema.md	2248	0	5	7	2	0	2
audit-artifacts/phase0b-backend/semantic-evidence-admin-governance-controller-spec.md	1202	0	2	0	0	2	1
audit-artifacts/phase0b-backend/semantic-evidence-admin-governance-controller.md	1917	0	1	0	0	0	6
audit-artifacts/phase0b-backend/semantic-evidence-system-config-schema.md	1025	0	1	0	0	0	2
audit-artifacts/phase0b-backend/semantic-evidence-profile-image-audit-log-schema.md	1574	0	2	0	0	0	1
audit-artifacts/phase0b-backend/semantic-evidence-analytics-event-schema.md	1356	0	1	0	0	0	0
audit-artifacts/phase0b-backend/semantic-evidence-audit-log-schema.md	1428	0	2	0	1	0	1
audit-artifacts/phase0b-backend/semantic-evidence-admin-audit-log-schema.md	1692	0	2	0	1	0	4
audit-artifacts/phase0b-backend/semantic-evidence-system-event-schema.md	1865	0	3	0	0	0	2
audit-artifacts/phase0b-backend/semantic-evidence-systemevent-duplicate-schema.md	2029	0	2	0	2	0	5
audit-artifacts/phase0b-backend/semantic-evidence-system-config-extended-schema.md	1505	0	3	0	0	0	0
audit-artifacts/phase0b-backend/semantic-evidence-profile-image-metadata-schema.md	1786	0	1	0	0	0	0
audit-artifacts/phase0b-backend/semantic-evidence-admin-provider-delta-schema.md	1975	0	3	0	0	0	0
audit-artifacts/phase0b-backend/semantic-evidence-provider-branch-schema.md	1672	0	1	0	0	0	0
audit-artifacts/phase0b-backend/semantic-evidence-medical-profile-schema.md	2060	0	3	0	1	0	0
audit-artifacts/phase0b-backend/semantic-evidence-doctor-profile-extended-schema.md	1771	0	0	2	0	0	0
audit-artifacts/phase0b-backend/semantic-evidence-patient-profile-schema.md	2180	0	4	4	1	0	0
audit-artifacts/phase0b-backend/semantic-evidence-provider-profile-schema.md	3741	0	4	3	1	0	1
audit-artifacts/phase0b-backend/semantic-evidence-nabd-extensions-service-controller.md	7088	0	11	6	1	0	7
audit-artifacts/phase0b-backend/semantic-evidence-notifications.md	5752	0	2	4	12	0	11
audit-artifacts/phase0b-backend/semantic-evidence-users.md	4983	0	9	14	0	0	5
audit-artifacts/phase0b-backend/semantic-evidence-auth-schemas.md	1615	0	7	0	5	0	0
audit-artifacts/phase0b-backend/semantic-evidence-auth-execution.md	4886	0	20	0	19	0	6
audit-artifacts/phase0b-backend/semantic-evidence-support.md	2414	0	4	0	0	0	0
audit-artifacts/phase0b-backend/semantic-evidence-webhooks.md	1818	0	4	3	6	0	4
audit-artifacts/phase0b-backend/semantic-evidence-community.md	2816	0	5	0	3	0	1
audit-artifacts/phase0b-backend/semantic-evidence-medical-profile.md	2259	0	1	0	0	0	0
audit-artifacts/phase0b-backend/semantic-evidence-media.md	2377	0	4	0	0	0	11
audit-artifacts/phase0b-backend/semantic-evidence-seo.md	2208	0	1	1	2	0	2
audit-artifacts/phase0b-backend/semantic-evidence-ai.md	2511	0	1	0	2	0	1
audit-artifacts/phase0b-backend/semantic-evidence-prescriptions.md	2605	0	1	0	0	0	7
audit-artifacts/phase0b-backend/semantic-evidence-billing.md	2357	0	4	0	1	0	2
audit-artifacts/phase0b-backend/semantic-evidence-timeline.md	2311	0	4	0	0	0	3
audit-artifacts/phase0b-backend/semantic-evidence-home-care.md	5555	0	4	5	0	0	2
audit-artifacts/phase0b-backend/semantic-evidence-referral.md	2068	0	2	0	0	0	0
audit-artifacts/phase0b-backend/semantic-evidence-loyalty.md	2797	0	3	1	0	0	0
audit-artifacts/phase0b-backend/semantic-evidence-export.md	1698	0	3	0	1	0	1
audit-artifacts/phase0b-backend/semantic-evidence-ocr.md	1290	0	2	0	0	0	0
audit-artifacts/phase0b-backend/semantic-evidence-bans.md	2030	0	0	0	3	0	5
audit-artifacts/phase0b-backend/semantic-evidence-realtime.md	2226	0	5	1	4	2	13
audit-artifacts/phase0b-backend/semantic-evidence-medical-reports.md	2236	0	2	0	0	0	1
audit-artifacts/phase0b-backend/semantic-evidence-chat.md	3480	0	5	0	3	0	2
audit-artifacts/phase0b-backend/semantic-evidence-admin-controller.md	2272	0	1	0	0	0	1
audit-artifacts/phase0b-backend/semantic-evidence-insurance-controller.md	1453	0	6	12	0	0	1
audit-artifacts/phase0b-backend/semantic-evidence-presence-service.md	1319	0	0	0	7	0	3
audit-artifacts/phase0b-backend/semantic-evidence-unified-bookings.md	2685	0	2	4	1	0	1
audit-artifacts/phase0b-backend/semantic-evidence-livekit.md	2284	0	1	0	12	0	0
audit-artifacts/phase0b-backend/semantic-evidence-socket-gateway.md	1143	0	4	1	0	0	3
audit-artifacts/phase0b-backend/semantic-evidence-system-health-controller.md	1062	0	1	0	3	0	1
audit-artifacts/phase0b-backend/semantic-evidence-admin-extended-operations.md	1421	0	3	2	0	0	0
audit-artifacts/phase0b-backend/semantic-evidence-feature-flags.md	1595	0	0	0	0	0	1
audit-artifacts/phase0b-backend/semantic-evidence-client-config.md	1421	0	1	0	1	0	0
audit-artifacts/phase0b-backend/semantic-evidence-system-config-controller.md	1152	0	2	0	0	0	0
audit-artifacts/phase0b-backend/semantic-evidence-admin-config.md	1090	0	2	0	0	0	0
audit-artifacts/phase0b-backend/semantic-evidence-analytics-controller.md	1296	0	1	0	3	0	0
audit-artifacts/phase0b-backend/semantic-evidence-b2b-controller.md	1225	0	3	0	0	1	0
audit-artifacts/phase0b-backend/semantic-evidence-i18n.md	1937	0	2	0	1	0	2
audit-artifacts/phase0b-backend/semantic-evidence-mental-health.md	2394	0	2	0	0	0	3
audit-artifacts/phase0b-backend/semantic-evidence-maternity.md	2468	0	2	0	0	0	2
audit-artifacts/phase0b-backend/semantic-evidence-nutrition.md	2382	0	1	0	0	0	0
audit-artifacts/phase0b-backend/semantic-evidence-redis.md	2383	0	3	0	0	0	14
audit-artifacts/phase0b-backend/semantic-evidence-emergency.md	3455	0	2	0	0	0	2
audit-artifacts/phase0b-backend/semantic-evidence-sms.md	1732	0	0	0	4	0	1
audit-artifacts/phase0b-backend/semantic-evidence-mail.md	1562	0	1	0	3	0	0
audit-artifacts/phase0b-backend/semantic-evidence-storage.md	2672	0	6	0	1	0	11
audit-artifacts/phase0b-backend/semantic-evidence-notification-wrapper.md	1337	0	5	0	0	0	0
audit-artifacts/phase0b-backend/semantic-evidence-returns.md	2535	0	5	5	1	0	4
audit-artifacts/phase0b-backend/semantic-evidence-provider-payouts.md	2032	0	2	6	0	0	1
audit-artifacts/phase0b-backend/semantic-evidence-legal-enterprise.md	2876	0	5	5	1	0	1
audit-artifacts/phase0b-backend/semantic-evidence-family.md	2796	0	1	0	1	0	0
audit-artifacts/phase0b-backend/semantic-evidence-ops.md	1772	0	1	0	0	0	7
audit-artifacts/phase0b-backend/semantic-evidence-system-health.md	1531	0	2	0	6	0	6
audit-artifacts/phase0b-backend/semantic-evidence-drivers.md	2093	0	3	1	11	0	2
audit-artifacts/phase0b-backend/semantic-evidence-care-booking.md	5821	0	10	16	0	0	3
audit-artifacts/phase0b-backend/semantic-evidence-articles-seo.md	2306	0	4	0	0	0	0
audit-artifacts/phase0b-backend/semantic-evidence-tour.md	1411	0	1	0	0	0	0
audit-artifacts/phase0b-backend/semantic-evidence-seed.md	1873	0	1	0	1	4	0
audit-artifacts/phase0b-backend/semantic-evidence-coturn.md	1632	0	7	0	0	0	0
audit-artifacts/phase0b-backend/semantic-evidence-hospital.md	2416	0	1	5	0	0	3
audit-artifacts/phase0b-backend/semantic-evidence-custom-services.md	1917	0	1	0	0	0	0
audit-artifacts/phase0b-backend/semantic-evidence-events.md	3699	0	6	3	4	0	7
audit-artifacts/phase0b-backend/semantic-evidence-provider-onboarding.md	2926	0	4	0	1	0	3
audit-artifacts/phase0b-backend/semantic-evidence-livekit-webhook-guard.md	1385	0	6	0	7	0	2
audit-artifacts/phase0b-backend/semantic-evidence-insurance-engine.md	2748	0	3	31	0	0	1
audit-artifacts/phase0b-backend/semantic-evidence-admin-governance.md	2501	0	3	3	0	0	3
audit-artifacts/phase0b-backend/semantic-evidence-facility-ops.md	2220	0	4	0	0	0	0
audit-artifacts/phase0b-backend/semantic-evidence-slot-locks.md	1761	0	0	0	0	0	1
audit-artifacts/phase0b-backend/semantic-evidence-admin-roles-guard.md	1514	0	2	0	0	0	0
audit-artifacts/phase0b-backend/semantic-evidence-api-security.md	2214	0	13	0	4	0	7
audit-artifacts/phase0b-backend/semantic-evidence-consistency.md	1808	0	0	2	0	0	0
audit-artifacts/phase0b-backend/semantic-evidence-service-catalog.md	2080	0	9	0	0	0	0
audit-artifacts/phase0b-backend/semantic-evidence-home-care-compat.md	2898	0	3	3	0	0	1
audit-artifacts/phase0b-backend/semantic-evidence-admin-web-core-module.md	1627	0	2	1	0	0	1
audit-artifacts/phase0b-backend/semantic-evidence-analytics-module.md	1911	0	2	2	0	0	1
audit-artifacts/phase0b-backend/semantic-evidence-booking-flow.md	2076	0	4	0	0	0	0
audit-artifacts/phase0b-backend/semantic-evidence-workflow-engine.md	2465	0	0	3	1	0	0
audit-artifacts/phase0b-backend/semantic-evidence-cart.md	2533	0	3	6	0	0	1
audit-artifacts/phase0b-backend/semantic-evidence-patient-ux.md	2390	0	1	20	0	0	1
audit-artifacts/phase0b-backend/semantic-evidence-operations-safety.md	2151	0	0	2	0	0	5
audit-artifacts/phase0b-backend/semantic-evidence-admin-authority.md	2259	0	6	6	1	0	1
audit-artifacts/phase0b-backend/semantic-evidence-event-reliability.md	1910	0	1	0	5	0	6
audit-artifacts/phase0b-backend/semantic-evidence-security-module.md	1974	0	8	2	1	0	3
audit-artifacts/phase0b-backend/semantic-evidence-admin-notification-center.md	2519	0	1	0	5	0	7
audit-artifacts/phase0b-backend/semantic-evidence-provider-ops.md	3410	0	6	7	0	0	3
audit-artifacts/phase0b-backend/semantic-evidence-doctors.md	2896	0	3	5	0	0	0
audit-artifacts/phase0b-backend/semantic-evidence-business-rules.md	2429	0	3	9	0	0	0
audit-artifacts/phase0b-backend/semantic-evidence-legacy.md	1828	0	2	0	1	0	0
audit-artifacts/phase0b-backend/semantic-evidence-compat.md	4131	0	7	1	0	0	0
audit-artifacts/phase0b-backend/semantic-evidence-booking-ops.md	2514	0	7	15	0	0	1
audit-artifacts/phase0b-backend/semantic-evidence-admin-spa.md	3811	0	4	7	6	1	3
audit-artifacts/phase0b-backend/semantic-evidence-admin-module.md	843	0	0	0	0	0	1
audit-artifacts/phase0b-backend/semantic-evidence-patientprofile-repository.md	890	0	4	0	0	0	1
audit-artifacts/phase0b-backend/semantic-evidence-admin-command-center.md	2170	0	2	1	2	0	2
audit-artifacts/phase0b-backend/semantic-evidence-admin-provider-schema.md	1047	0	0	0	0	0	1
audit-artifacts/phase0b-backend/semantic-evidence-heatmap-schema.md	987	0	1	0	0	0	0
audit-artifacts/phase0b-backend/semantic-evidence-feature-flag-schema.md	962	0	0	0	1	0	0
audit-artifacts/phase0b-backend/semantic-evidence-featureflag-repository.md	1028	0	0	0	1	0	3
audit-artifacts/phase0b-backend/semantic-evidence-medicine-repository.md	944	0	0	0	0	0	2
audit-artifacts/phase0b-backend/semantic-evidence-article-repository.md	925	0	1	0	0	0	2
audit-artifacts/phase0b-backend/semantic-evidence-homecare-seo-repository.md	971	0	1	0	0	0	2
audit-artifacts/phase0b-backend/semantic-evidence-seo-medicine-repository.md	1065	0	0	0	0	0	2
audit-artifacts/phase0b-backend/semantic-evidence-lab-seo-repository.md	1013	0	1	0	0	0	2
audit-artifacts/phase0b-backend/semantic-evidence-facility-seo-repository.md	1040	0	0	0	0	0	2
audit-artifacts/phase0b-backend/semantic-evidence-providerprofile-seo-repository.md	1042	0	0	0	0	0	2
audit-artifacts/phase0b-backend/semantic-evidence-mail-processor.md	1233	0	0	0	2	0	3
audit-artifacts/phase0b-backend/semantic-evidence-realtime-sse.md	1632	0	5	0	1	0	6
audit-artifacts/phase0b-backend/semantic-evidence-recruitment-module.md	2402	0	7	0	0	0	1
audit-artifacts/phase0b-backend/semantic-evidence-ratings-module.md	2161	0	1	0	0	0	0
audit-artifacts/phase0b-backend/semantic-evidence-pharmacyinventory-seed-repository.md	1172	0	1	0	3	0	1
audit-artifacts/phase0b-backend/semantic-evidence-seed-medicine-repository.md	1127	0	0	0	3	0	1
audit-artifacts/phase0b-backend/semantic-evidence-seed-user-repository.md	1091	0	2	0	1	0	1
audit-artifacts/phase0b-backend/semantic-evidence-seed-patientprofile-repository.md	1132	0	2	0	1	0	1
audit-artifacts/phase0b-backend/semantic-evidence-seed-labservice-repository.md	1185	0	1	0	2	0	1
audit-artifacts/phase0b-backend/semantic-evidence-seed-systemconfig-repository.md	1213	0	2	1	3	0	2
audit-artifacts/phase0b-backend/semantic-evidence-seed-facility-repository.md	1078	0	0	0	2	0	1
audit-artifacts/phase0b-backend/semantic-evidence-seed-providerprofile-repository.md	1142	0	0	0	2	0	1
audit-artifacts/phase0b-backend/semantic-evidence-seed-module.md	1574	0	2	0	2	0	0
audit-artifacts/phase0b-backend/semantic-evidence-seed-data.md	1944	0	1	1	6	3	0
audit-artifacts/phase0b-backend/semantic-evidence-seed-facilities.md	1613	0	2	2	2	1	0
audit-artifacts/phase0b-backend/semantic-evidence-provider-jobs-module.md	3129	0	5	4	1	0	2
audit-artifacts/phase0b-backend/semantic-evidence-main-bootstrap.md	1976	0	3	0	7	0	4
audit-artifacts/phase0b-backend/semantic-evidence-app-module.md	2218	0	1	5	3	0	3
audit-artifacts/phase0b-backend/semantic-evidence-root-health-controller.md	1226	0	1	0	2	0	5
audit-artifacts/phase0b-backend/semantic-evidence-seed-insurance-script.md	1468	0	0	4	1	0	2
audit-artifacts/phase0b-backend/semantic-evidence-seed-admin-script.md	1755	0	0	0	3	0	2
audit-artifacts/phase0b-backend/semantic-evidence-verify-production-script.md	2062	0	1	3	6	1	9
audit-artifacts/phase0b-backend/semantic-evidence-phase6-contracts.md	1917	0	2	0	2	0	0
audit-artifacts/phase0b-backend/semantic-evidence-moodentry-repository.md	967	0	0	0	0	0	1
audit-artifacts/phase0b-backend/semantic-evidence-meditation-session-repository.md	1017	0	0	0	0	0	1
audit-artifacts/phase0b-backend/semantic-evidence-breathing-session-repository.md	986	0	1	0	0	0	1
audit-artifacts/phase0b-backend/semantic-evidence-crisis-contact-repository.md	1007	0	1	0	0	0	1
audit-artifacts/phase0b-backend/semantic-evidence-maternity-profile-repository.md	1022	0	1	0	0	0	1
audit-artifacts/phase0b-backend/semantic-evidence-waterlog-repository.md	942	0	0	0	0	0	1
audit-artifacts/phase0b-backend/semantic-evidence-meal-log-repository.md	994	0	0	0	0	0	1
audit-artifacts/phase0b-backend/semantic-evidence-nutrition-profile-repository.md	1026	0	0	0	0	0	1
audit-artifacts/phase0b-backend/semantic-evidence-exercise-log-repository.md	1017	0	0	0	0	0	1
audit-artifacts/phase0b-backend/semantic-evidence-call-session-repository.md	983	0	1	0	2	0	1
audit-artifacts/phase0b-backend/semantic-evidence-call-metric-repository.md	987	0	0	0	2	0	1
audit-artifacts/phase0b-backend/semantic-evidence-doctors-schemas.md	2306	0	3	6	0	0	0
audit-artifacts/phase0b-backend/semantic-evidence-legal-module.md	2334	0	3	0	1	0	1
audit-artifacts/phase0b-backend/semantic-evidence-metrics-interceptor.md	1551	0	1	0	1	0	5
audit-artifacts/phase0b-backend/semantic-evidence-family-group-repository.md	1109	0	0	0	0	0	1
audit-artifacts/phase0b-backend/semantic-evidence-family-permission-request-repository.md	1115	0	1	0	0	0	1
audit-artifacts/phase0b-backend/semantic-evidence-shared-calendar-event-repository.md	1185	0	0	0	0	0	1
audit-artifacts/phase0b-backend/semantic-evidence-homecare-seed.md	1917	0	1	1	3	1	1
audit-artifacts/phase0b-backend/semantic-evidence-homecare-booking-schema.md	1729	0	2	6	1	0	0
audit-artifacts/phase0b-backend/semantic-evidence-homecare-nurse-schema.md	1543	0	3	0	0	0	0
audit-artifacts/phase0b-backend/semantic-evidence-medical-supply-request-schema.md	1662	0	3	1	2	0	1
audit-artifacts/phase0b-backend/semantic-evidence-homecare-service-repository.md	1129	0	0	1	0	0	1
audit-artifacts/phase0b-backend/semantic-evidence-nursing-visit-report-repository.md	1036	0	0	0	0	0	1
audit-artifacts/phase0b-backend/semantic-evidence-homecare-booking-repository.md	1107	0	1	3	0	0	1
audit-artifacts/phase0b-backend/semantic-evidence-medical-supply-request-repository.md	1141	0	1	2	0	0	1
audit-artifacts/phase0b-backend/semantic-evidence-care-appointment-repository.md	1063	0	1	2	0	0	1
audit-artifacts/phase0b-backend/semantic-evidence-care-user-repository.md	1022	0	1	0	0	0	1
audit-artifacts/phase0b-backend/semantic-evidence-care-facility-repository.md	1012	0	0	0	0	0	1
audit-artifacts/phase0b-backend/semantic-evidence-careplan-repository.md	1032	0	0	0	0	0	1
audit-artifacts/phase0b-backend/semantic-evidence-driver-delivery-repository.md	1069	0	3	2	10	0	1
audit-artifacts/phase0b-backend/semantic-evidence-driver-user-repository.md	1014	0	2	0	0	0	1
audit-artifacts/phase0b-backend/semantic-evidence-driver-shift-repository.md	1034	0	0	0	0	0	1
audit-artifacts/phase0b-backend/semantic-evidence-driver-order-repository.md	1052	0	2	2	2	0	1
audit-artifacts/phase0b-backend/semantic-evidence-seed-loyalty-script.md	1685	0	1	2	1	0	3
audit-artifacts/phase0b-backend/semantic-evidence-deploy-script.md	1913	0	3	0	5	0	4
audit-artifacts/phase0b-backend/semantic-evidence-seed-articles-script.md	2104	0	3	0	1	0	3
audit-artifacts/phase0b-backend/semantic-evidence-seed-medicines-js.md	1988	0	2	0	1	3	2
audit-artifacts/phase0b-backend/semantic-evidence-publish-insurance-logo-assets.md	2518	0	1	3	2	0	10
audit-artifacts/phase0b-backend/semantic-evidence-reconcile-insurance-catalog.md	2287	0	1	2	1	0	2
audit-artifacts/phase0b-backend/semantic-evidence-backfill-catalog-governance.md	3203	0	1	0	1	0	2
audit-artifacts/phase0b-backend/semantic-evidence-deprecated-seed-insurance-script.md	1504	0	0	5	2	0	0
audit-artifacts/phase0b-backend/semantic-evidence-db-backup-restore-script.md	2182	0	5	0	1	0	5
audit-artifacts/phase0b-backend/semantic-evidence-seed-test-providers-js.md	2126	0	1	0	1	0	6
audit-artifacts/phase0b-backend/semantic-evidence-seed-test-providers-bak.md	1741	0	1	0	1	0	4
audit-artifacts/phase0b-backend/semantic-evidence-fastapi-server.md	8288	0	23	5	7	0	8
audit-artifacts/phase0b-backend/semantic-evidence-fastapi-seed-dev.md	2980	0	2	1	3	4	0
audit-artifacts/phase0b-backend/semantic-evidence-fastapi-ai-service.md	2979	0	5	0	1	0	0
audit-artifacts/phase0b-backend/semantic-evidence-fastapi-nestjs-proxy.md	2337	0	7	0	0	0	1
audit-artifacts/phase0b-backend/semantic-evidence-fastapi-ai-routes.md	3002	0	14	0	0	0	1
audit-artifacts/phase0b-backend/semantic-evidence-fastapi-setup-server.md	2460	0	5	0	4	0	5
audit-artifacts/phase0b-backend/semantic-evidence-fastapi-requirements.md	2063	0	4	0	7	0	2
audit-artifacts/phase0b-backend/semantic-evidence-fastapi-import-etl.md	3176	0	4	0	0	0	3
audit-artifacts/phase0b-backend/semantic-evidence-package-json.md	2615	0	2	0	6	0	4
audit-artifacts/phase0b-backend/semantic-evidence-dockerfile-production.md	2312	0	3	0	11	0	1
audit-artifacts/phase0b-backend/semantic-evidence-root-dockerfile.md	1795	0	2	0	9	0	0
audit-artifacts/phase0b-backend/semantic-evidence-docker-compose.md	1850	0	3	0	2	0	5
audit-artifacts/phase0b-backend/semantic-evidence-tsconfig.md	2073	0	0	0	3	0	1
audit-artifacts/phase0b-backend/semantic-evidence-nest-cli.md	1501	0	0	0	5	0	1
audit-artifacts/phase0b-backend/semantic-evidence-environment.md	3426	0	15	1	8	0	4
audit-artifacts/phase0b-backend/semantic-evidence-tsconfig-build.md	1386	0	0	0	2	1	0
audit-artifacts/phase0b-backend/semantic-evidence-docker-compose-prod.md	2456	0	7	1	5	0	13
audit-artifacts/phase0b-backend/semantic-evidence-jest-boot.md	1538	0	2	0	3	1	2
audit-artifacts/phase0b-backend/semantic-evidence-todo.md	3055	1	6	6	14	1	0
audit-artifacts/phase0b-backend/package-lock-full-traversal.txt	141935	0	14	0	16	3	53
audit-artifacts/phase0b-backend/semantic-evidence-package-lock.md	2242	0	0	0	6	0	1
audit-artifacts/phase0b-backend/semantic-evidence-ocr-worker.md	3092	0	4	0	1	0	2
audit-artifacts/phase0b-backend/semantic-evidence-project-reference.md	3175	0	8	4	14	0	2
audit-artifacts/phase0b-backend/semantic-evidence-care-providerprofile-repository.md	1346	0	2	0	0	0	2
audit-artifacts/phase0b-backend/semantic-evidence-hospital-staff-schema.md	1694	0	2	0	0	0	1
audit-artifacts/phase0b-backend/semantic-evidence-hospital-branch-schema.md	1557	0	0	0	0	0	1
audit-artifacts/phase0b-backend/semantic-evidence-hospital-department-schema.md	1502	0	1	1	0	0	1
audit-artifacts/phase0b-backend/semantic-evidence-care-public-discovery-spec.md	1944	0	4	1	3	2	1
audit-artifacts/phase0b-backend/semantic-evidence-care-appointments-states-spec.md	2356	0	2	7	2	2	0
audit-artifacts/phase0b-backend/semantic-evidence-hospital-service-spec.md	1800	0	3	0	1	2	1
audit-artifacts/phase0b-backend/semantic-evidence-realtime-authorization-spec.md	1808	0	7	0	1	3	7
audit-artifacts/phase0b-backend/semantic-evidence-prescriptions-authorization-spec.md	2218	0	5	2	3	3	0
audit-artifacts/phase0b-backend/semantic-evidence-webhooks-service-spec.md	1947	0	2	9	2	3	7
audit-artifacts/phase0b-backend/semantic-evidence-livekit-followup-spec.md	1851	0	2	0	7	2	1
audit-artifacts/phase0b-backend/semantic-evidence-order-schema.md	2909	0	4	12	4	0	1
audit-artifacts/phase0b-backend/semantic-evidence-storage-module-spec.md	1608	0	5	0	1	3	4
audit-artifacts/phase0b-backend/semantic-evidence-env-validation.md	1613	0	5	1	6	0	4
audit-artifacts/phase0b-backend/semantic-evidence-websocket-cors.md	1532	0	1	0	2	0	0
audit-artifacts/phase0b-backend/semantic-evidence-configured-io-adapter.md	1654	0	6	0	1	0	1
audit-artifacts/phase0b-backend/semantic-evidence-websocket-cors-spec.md	1228	0	1	0	2	0	0
audit-artifacts/phase0b-backend/semantic-evidence-openapi-config.md	2190	0	8	1	2	0	0
audit-artifacts/phase0b-backend/semantic-evidence-medicines-public-catalog-spec.md	1732	0	2	0	2	3	2
audit-artifacts/phase0b-backend/semantic-evidence-catalog-governance-backfill-spec.md	1877	0	0	0	1	1	1
audit-artifacts/phase0b-backend/semantic-evidence-catalog-publication-service-spec.md	1781	0	2	0	2	3	3
audit-artifacts/phase0b-backend/semantic-evidence-sentry-filter.md	1678	0	6	0	0	0	0
audit-artifacts/phase0b-backend/semantic-evidence-redis-cache-interceptor.md	1804	0	6	0	1	0	11
audit-artifacts/phase0b-backend/semantic-evidence-saudi-phone-validator.md	1547	0	2	0	1	0	0
audit-artifacts/phase0b-backend/semantic-evidence-iqama-validator.md	1629	0	2	0	1	1	0
audit-artifacts/phase0b-backend/semantic-evidence-slug-util.md	1943	0	1	0	0	0	0
audit-artifacts/phase0b-backend/semantic-evidence-presence-module.md	948	0	1	0	0	0	3
audit-artifacts/phase0b-backend/semantic-evidence-emergency-request-repository.md	1235	0	3	0	0	0	2
audit-artifacts/phase0b-backend/semantic-evidence-emergency-vehicle-integrity-spec.md	1682	0	5	0	1	3	0
audit-artifacts/phase0b-backend/semantic-evidence-emergency-schema.md	2001	0	2	0	1	0	0
audit-artifacts/phase0b-backend/semantic-evidence-custom-service-repository.md	1204	0	2	1	0	0	2
audit-artifacts/phase0b-backend/semantic-evidence-admin-nursing-containment-spec.md	1240	0	2	0	2	0	0
audit-artifacts/phase0b-backend/semantic-evidence-homecare-compat-controller-spec.md	1476	0	5	2	1	2	2
audit-artifacts/phase0b-backend/semantic-evidence-compat-family-chat-spec.md	1384	0	3	0	2	2	0
audit-artifacts/phase0b-backend/semantic-evidence-return-request-repository.md	1131	0	2	3	0	0	2
audit-artifacts/phase0b-backend/semantic-evidence-returns-schema.md	1786	0	4	8	0	0	1
audit-artifacts/phase0b-backend/semantic-evidence-push-token-schema.md	1413	0	1	0	6	0	1
audit-artifacts/phase0b-backend/semantic-evidence-b2b-request-schema.md	1730	0	4	1	1	0	2
audit-artifacts/phase0b-backend/semantic-evidence-callmetric-schema.md	1672	0	2	0	2	0	3
audit-artifacts/phase0b-backend/semantic-evidence-image-processing-job-schema.md	1682	0	4	0	0	0	1
audit-artifacts/phase0b-backend/semantic-evidence-pharmacy-inventory-schema.md	1621	0	1	0	0	0	1
audit-artifacts/phase0b-backend/semantic-evidence-review-schema.md	1528	0	4	0	1	0	0
audit-artifacts/phase0b-backend/semantic-evidence-inventory-schema.md	1622	0	1	0	0	0	2
audit-artifacts/phase0b-backend/semantic-evidence-return-request-schema.md	1560	0	2	2	1	0	0
audit-artifacts/phase0b-backend/semantic-evidence-ai-admin-containment-spec.md	1164	0	2	0	2	0	1
audit-artifacts/phase0b-backend/semantic-evidence-emergency-admin-containment-spec.md	1333	0	4	0	2	0	1
audit-artifacts/phase0b-backend/semantic-evidence-event-bus-service-spec.md	1371	0	1	0	3	2	1
audit-artifacts/phase0b-backend/semantic-evidence-workflow-engine-module-spec.md	1366	0	2	2	1	0	0
audit-artifacts/phase0b-backend/semantic-evidence-approval-workflow-service-spec.md	1959	0	4	0	3	2	1
audit-artifacts/phase0b-backend/semantic-evidence-approval-workflow-module.md	2140	0	2	0	0	0	0
audit-artifacts/phase0b-backend/semantic-evidence-user-schema.md	2086	0	1	1	3	0	0
audit-artifacts/phase0b-backend/semantic-evidence-insurance-openapi-contract-spec.md	1958	0	7	8	3	1	2
audit-artifacts/phase0b-backend/semantic-evidence-insurance-schema.md	2488	0	3	12	0	0	1
audit-artifacts/phase0b-backend/semantic-evidence-insurance-flow-spec.md	2112	0	5	20	3	4	0
audit-artifacts/phase0b-backend/semantic-evidence-insurance-service-spec.md	2124	0	4	7	2	7	4
audit-artifacts/phase0b-backend/semantic-evidence-insurance-module.md	3139	0	0	6	3	1	3
audit-artifacts/phase0b-backend/semantic-evidence-chat-session-schema.md	1530	0	2	0	1	0	0
audit-artifacts/phase0b-backend/semantic-evidence-pharmacy-chat-schema.md	1707	0	5	0	1	0	0
audit-artifacts/phase0b-backend/semantic-evidence-chat-gateway-followup-spec.md	1384	0	5	0	1	3	0
audit-artifacts/phase0b-backend/semantic-evidence-chat-contract-spec.md	1672	0	5	0	2	2	2
audit-artifacts/phase0b-backend/semantic-evidence-callsession-schema.md	1465	0	1	0	0	0	0
audit-artifacts/phase0b-backend/semantic-evidence-slot-lock-schema.md	1561	0	1	0	1	0	1
audit-artifacts/phase0b-backend/semantic-evidence-slot-locks-service-spec.md	1249	0	2	0	2	4	1
audit-artifacts/phase0b-backend/semantic-evidence-root-feature-flag-schema.md	1402	0	1	0	1	0	2
audit-artifacts/phase0b-backend/semantic-evidence-systemevent-repository.md	1042	0	1	0	0	0	3
audit-artifacts/phase0b-backend/semantic-evidence-events-controllers.md	1425	0	1	0	0	0	0
audit-artifacts/phase0b-backend/semantic-evidence-mongoose-indexes-contract.md	1201	0	1	0	0	0	2
audit-artifacts/phase0b-backend/semantic-evidence-phase6-contracts-spec.md	1193	0	2	0	1	0	0
audit-artifacts/phase0b-backend/semantic-evidence-ai-service-spec.md	1820	0	4	0	1	3	3
audit-artifacts/phase0b-backend/semantic-evidence-ai-service-excel-spec.md	1275	0	2	0	1	1	1
audit-artifacts/phase0b-backend/semantic-evidence-media-controller-spec.md	1143	0	5	0	0	0	1
audit-artifacts/phase0b-backend/semantic-evidence-drug-rejection-log-schema.md	1396	0	3	0	1	0	0
audit-artifacts/phase0b-backend/semantic-evidence-article-schema.md	1846	0	5	0	0	0	0
audit-artifacts/phase0b-backend/semantic-evidence-delivery-schema.md	1661	0	2	1	9	0	0
audit-artifacts/phase0b-backend/semantic-evidence-articles-contract-spec.md	1476	0	2	0	0	3	0
audit-artifacts/phase0b-backend/semantic-evidence-unified-bookings-service-spec.md	1366	0	3	1	1	2	0
audit-artifacts/phase0b-backend/semantic-evidence-unified-bookings-contract-spec.md	1592	0	3	5	2	3	0
audit-artifacts/phase0b-backend/semantic-evidence-legal-enterprise-excel-spec.md	1349	0	4	2	1	2	1
audit-artifacts/phase0b-backend/semantic-evidence-driver-shift-schema.md	1566	0	2	1	6	0	0
audit-artifacts/phase0b-backend/semantic-evidence-leave-request-schema.md	1599	0	2	0	2	0	0
audit-artifacts/phase0b-backend/semantic-evidence-notifications-service-spec.md	1326	0	6	0	2	3	0
audit-artifacts/phase0b-backend/semantic-evidence-approval-request-schema.md	1845	0	3	0	1	0	1
audit-artifacts/phase0b-backend/semantic-evidence-corporate-account-schema.md	1445	0	3	2	0	0	0
audit-artifacts/phase0b-backend/semantic-evidence-sla-log-schema.md	1243	0	3	0	1	0	1
audit-artifacts/phase0b-backend/semantic-evidence-treatment-program-schema.md	1521	0	2	0	2	0	1
audit-artifacts/phase0b-backend/semantic-evidence-universal-activity-schema.md	1421	0	4	0	1	0	1
audit-artifacts/phase0b-backend/semantic-evidence-outbound-referral-schema.md	1544	0	3	0	1	0	0
audit-artifacts/phase0b-backend/semantic-evidence-med-i18n-spec.md	1351	0	0	0	1	2	2
audit-artifacts/phase0b-backend/semantic-evidence-ad-placement-schema.md	1565	0	2	1	1	0	0
audit-artifacts/phase0b-backend/semantic-evidence-app-boot-e2e-spec.md	1287	0	4	0	3	0	2
audit-artifacts/phase0b-backend/semantic-evidence-seed-test-providers.md	2184	0	1	0	0	2	3
audit-artifacts/phase0b-backend/semantic-evidence-seed-test.md	2206	0	0	0	0	7	2
audit-artifacts/phase0b-backend/semantic-evidence-provider-availability-contract.md	1567	0	4	0	1	2	3
audit-artifacts/phase0b-backend/semantic-evidence-ownership-controllers-spec.md	1618	0	14	0	1	4	0
audit-artifacts/phase0b-backend/semantic-evidence-users-contract-spec.md	1702	0	4	0	2	2	4
audit-artifacts/phase0b-backend/semantic-evidence-community-service-spec.md	1859	0	8	0	3	2	2
audit-artifacts/phase0b-backend/semantic-evidence-media-contract-spec.md	1911	0	5	0	1	3	7
audit-artifacts/phase0b-backend/semantic-evidence-cart-contract-spec.md	2101	0	5	7	2	2	2
audit-artifacts/phase0b-backend/semantic-evidence-facility-ops-service-spec.md	1983	0	4	0	1	5	3
audit-artifacts/phase0b-backend/semantic-evidence-loyalty-service-spec.md	2171	0	7	3	3	5	0
audit-artifacts/phase0b-backend/semantic-evidence-medicines-publication-spec.md	1886	0	4	0	1	2	2
audit-artifacts/phase0b-backend/semantic-evidence-seo-service-spec.md	1970	0	2	0	1	3	1
audit-artifacts/phase0b-backend/semantic-evidence-patient-ux-service-spec.md	1949	0	7	4	4	3	1
audit-artifacts/phase0b-backend/semantic-evidence-recruitment-service-spec.md	1874	0	6	0	1	2	0
audit-artifacts/phase0b-backend/semantic-evidence-health-service-spec.md	2334	0	4	0	3	3	3
audit-artifacts/phase0b-backend/semantic-evidence-mental-health-service-spec.md	2111	0	3	0	2	2	5
audit-artifacts/phase0b-backend/semantic-evidence-billing-zatca-spec.md	1604	0	4	1	1	0	0
audit-artifacts/phase0b-backend/semantic-evidence-provider-payouts-controller-spec.md	2172	0	6	7	1	4	2
audit-artifacts/phase0b-backend/semantic-evidence-maternity-service-spec.md	2022	0	2	0	2	2	2
audit-artifacts/phase0b-backend/semantic-evidence-admin-notification-center-contract.md	1849	0	6	0	6	3	2
audit-artifacts/phase0b-backend/semantic-evidence-nutrition-service-spec.md	1983	0	3	0	2	2	1
audit-artifacts/phase0b-backend/semantic-evidence-booking-ops-service-spec.md	1966	0	4	8	2	2	3
audit-artifacts/phase0b-backend/semantic-evidence-family-service-spec.md	2236	0	4	0	3	3	1
audit-artifacts/phase0b-backend/semantic-evidence-home-care-contract-spec.md	1851	0	5	3	2	3	2
audit-artifacts/phase0b-backend/semantic-evidence-home-care-service-spec.md	1814	0	3	2	2	5	2
audit-artifacts/phase0b-backend/semantic-evidence-home-care-controller-spec.md	2209	0	5	5	2	3	2
audit-artifacts/phase0b-backend/semantic-evidence-home-care-tracking-controller-spec.md	1903	0	5	0	2	3	1
audit-artifacts/phase0b-backend/semantic-evidence-device-trust-module.md	3261	0	8	0	13	2	7
audit-artifacts/phase0b-backend/semantic-evidence-seo-search-module.md	4278	0	3	0	2	2	4
audit-artifacts/phase0b-backend/semantic-evidence-booking-flow-service-spec.md	1883	0	4	2	2	3	1
audit-artifacts/phase0b-backend/semantic-evidence-hospital-staff-module.md	4131	0	11	0	1	0	6
audit-artifacts/phase0b-backend/semantic-evidence-radiology-schema.md	4399	0	4	11	4	0	0
audit-artifacts/phase0b-backend/semantic-evidence-hospital-operations-schema.md	3071	0	2	1	1	0	1
audit-artifacts/phase0b-backend/semantic-evidence-family-schemas.md	3350	0	3	0	4	0	1
audit-artifacts/phase0b-backend/semantic-evidence-custom-service-schema.md	3129	0	4	2	4	0	2
audit-artifacts/phase0b-backend/semantic-evidence-maternity-schema.md	2764	0	0	0	3	0	1
audit-artifacts/phase0b-backend/semantic-evidence-extra-schemas.md	3408	0	5	3	3	0	1
audit-artifacts/phase0b-backend/semantic-evidence-ambulance-vehicle-schema.md	2732	0	5	1	4	0	0
audit-artifacts/phase0b-backend/semantic-evidence-nutrition-schema.md	2799	0	0	0	2	0	1
audit-artifacts/phase0b-backend/semantic-evidence-lab-result-schema.md	2567	0	3	0	4	0	1
audit-artifacts/phase0b-backend/semantic-evidence-job-board-schema.md	3006	0	4	0	3	0	1
audit-artifacts/phase0b-backend/semantic-evidence-lab-schema.md	3847	0	5	11	3	0	0
audit-artifacts/phase0b-backend/semantic-evidence-appointment-schema.md	3529	0	4	10	4	0	0
audit-artifacts/phase0b-backend/semantic-evidence-medicine-schema.md	3688	0	4	4	2	0	0
audit-artifacts/phase0b-backend/semantic-evidence-promotion-campaign-schema.md	2356	0	2	1	3	0	1
audit-artifacts/phase0b-backend/semantic-evidence-facility-schema.md	2914	0	4	7	2	0	1
audit-artifacts/phase0b-backend/semantic-evidence-mental-health-schema.md	2590	0	1	0	2	0	2
audit-artifacts/phase0b-backend/semantic-evidence-patient-crm-tag-schema.md	1905	0	4	0	2	0	2
audit-artifacts/phase0b-backend/semantic-evidence-non-code-assets.md	730	0	1	0	1	0	0
audit-artifacts/phase0b-backend/semantic-evidence-e2e-matrix2.md	22962	0	51	33	49	21	41
audit-artifacts/phase0b-backend/FINAL_DELIVERY_INTEGRITY_2026-08-25.txt	1476	0	1	0	3	0	0
audit-artifacts/phase0b-backend/AUDIT_WORK_GITIGNORE_RATIONALE_2026-08-25.md	853	0	1	0	2	0	0
audit-artifacts/phase0b-backend/PHASE0B1_REPRODUCIBLE_GATES_2026-08-25.txt	99960	0	62	60	15	22	4
audit-artifacts/phase0b-backend/PHASE0B1_DIFF_CHECK_EXCEPTIONS_2026-08-25.tsv	134493	0	33	30	10	0	2
audit-artifacts/phase0b-backend/PHASE0B1_EVIDENCE_HYGIENE_REPORT_2026-08-25.md	1901	0	1	0	5	0	0
audit-artifacts/phase0b-backend/NABD_Normalized_Remediation_Backlog_2026-08-25.tsv	1279810	2	2413	1166	1863	188	819
audit-artifacts/phase0b-backend/NABD_Normalized_Remediation_Backlog_2026-08-25.md	96198	0	241	140	178	80	38
audit-artifacts/phase0b-backend/PHASE0C_NORMALIZATION_REPORT_2026-08-25.md	3743	0	3	3	11	1	4
audit-artifacts/phase0b-backend/FINAL_GIT_DIFF_CHECK_OUTPUT_2026-08-25.txt	99619	0	62	60	15	22	4
audit-artifacts/phase0d/archive_inventory.json	267080	0	114	96	94	9	20
audit-artifacts/phase0d/archive_inventory.tsv	296236	0	114	96	94	9	20
audit-artifacts/phase0d/PHASE0D_Cross_Surface_Findings.tsv	239378	0	498	206	919	10	412
audit-artifacts/phase0d/PHASE0D_Required_Journey_Matrix.tsv	16253	0	48	202	8	0	48
audit-artifacts/phase0d/PHASE0D_CONSOLIDATED_REPORT.md	4195	0	0	4	9	0	0
audit-artifacts/phase0d/PHASE0D_FINDINGS_VALIDATION.json	904	0	0	0	4	0	0
audit-artifacts/phase0d/PHASE0D_DIFF_CHECK_EXCEPTIONS_2026-08-25.tsv	103623	0	33	30	10	0	2
audit-artifacts/phase0d/PHASE0D_FINAL_DELIVERY_REPORT_2026-08-25.md	4568	0	4	7	12	0	2
audit-artifacts/phase0d/PHASE0D_JOURNEY_CONTRACT_RECONCILIATION.tsv	47544	0	75	197	66	0	46
audit-artifacts/phase0d/PHASE0D1_RECONCILIATION_REPORT_2026-08-25.md	4729	1	3	11	13	0	0
audit-artifacts/phase0d/PHASE0D_JOURNEY_CONTRACT_RECONCILIATION_REJECTED_MECHANICAL_ANCHOR.tsv	48631	0	75	197	66	0	46
audit-artifacts/phase0d/PHASE0D_DOMAIN_ANCHOR_CANDIDATES.tsv	6309183	3	4835	42113	2195	786	1327
audit-artifacts/phase0d/PHASE0D1_EVIDENCE_FIRST_JOURNEY_ROWS.tsv	296750	0	415	1211	45	0	158
audit-artifacts/phase0d/PHASE0D1_EVIDENCE_FIRST_REPORT_2026-08-25.md	4488	1	3	15	7	1	2
audit-artifacts/phase0d/phase0d-patient-mobile/NABD_Phase0D_patient_mobile_Semantic_Read_Manifest.tsv	1022494	0	537	1169	172	67	2148
audit-artifacts/phase0d/phase0d-patient-mobile/Screen_Action_Journey_Traceability.tsv	798354	0	1037	1990	152	64	2111
audit-artifacts/phase0d/phase0d-patient-mobile/Phase0D_patient-mobile_Findings.tsv	154618	0	318	157	602	7	263
audit-artifacts/phase0d/phase0d-patient-mobile/Phase0D_patient-mobile_Findings.md	156469	0	318	157	604	7	263
audit-artifacts/phase0d/phase0d-patient-web/NABD_Phase0D_patient_web_Semantic_Read_Manifest.tsv	2840382	4	3269	4088	2327	770	2159
audit-artifacts/phase0d/phase0d-patient-web/Screen_Action_Journey_Traceability.tsv	2203964	4	3623	4757	1899	623	2700
audit-artifacts/phase0d/phase0d-patient-web/Phase0D_patient-web_Findings.tsv	47771	0	97	6	171	3	82
audit-artifacts/phase0d/phase0d-patient-web/Phase0D_patient-web_Findings.md	48419	0	97	6	173	3	82
audit-artifacts/phase0d/phase0d-provider/NABD_Phase0D_provider_Semantic_Read_Manifest.tsv	185778	0	67	210	23	7	309
audit-artifacts/phase0d/phase0d-provider/Screen_Action_Journey_Traceability.tsv	129625	0	142	244	23	4	238
audit-artifacts/phase0d/phase0d-provider/Phase0D_provider_Findings.tsv	19095	0	47	25	60	0	32
audit-artifacts/phase0d/phase0d-provider/Phase0D_provider_Findings.md	19742	0	47	25	62	0	32
audit-artifacts/phase0d/phase0d-admin/NABD_Phase0D_admin_Semantic_Read_Manifest.tsv	119969	0	35	111	27	1	227
audit-artifacts/phase0d/phase0d-admin/Screen_Action_Journey_Traceability.tsv	91415	0	87	181	24	4	179
audit-artifacts/phase0d/phase0d-admin/Phase0D_admin_Findings.tsv	18167	0	36	18	86	0	35
audit-artifacts/phase0d/phase0d-admin/Phase0D_admin_Findings.md	18891	0	36	18	88	0	35
