claimed_commit,narrative_files,resolution_status,resolved_commit,short_commit,observed_subject,review_boundary
0092458,pasted_content_3.txt;pasted_content_5.txt,RESOLVED,00924580292cb99ff7ba873dca09ed828155a03a,0092458,feat(F-web): loyalty hub — rewards/challenges/leaderboard/referral (parity #22),Resolution proves only that a Git commit object is present; its subject and narrative claims remain subject to source and runtime review.
0535f68,pasted_content_3.txt;pasted_content_5.txt,RESOLVED,0535f68d575099e01b857110e951fca11de2cf2e,0535f68,feat(D-web): consultation insurance branch + copay settlement page (parity #11),Resolution proves only that a Git commit object is present; its subject and narrative claims remain subject to source and runtime review.
109fd89,pasted_content_3.txt;pasted_content_5.txt,RESOLVED,109fd89393ba99b8599760f5c7974364df5bfaff,109fd89,"docs: PROVIDER_PRODUCTION_PLAN P1-P9 execution record — all gates green, structural fixes, run instructions",Resolution proves only that a Git commit object is present; its subject and narrative claims remain subject to source and runtime review.
143c98d,pasted_content_5.txt,RESOLVED,143c98db0661d39564df492ab4b6600fc498b36f,143c98d,"feat(P3): 9 governed provider endpoints (insurance-decision, coverage-decision x3, CRM, referrals/mine, technicians roster, claims actions, reports/inbound, availability round-trip) + shifts PATCH/DELETE — e2e gate 13/13 on live server",Resolution proves only that a Git commit object is present; its subject and narrative claims remain subject to source and runtime review.
151dbef,pasted_content_3.txt,RESOLVED,151dbef261a7ecce00749595744467d6b1b1180c,151dbef,feat(C3): patient-web pharmacy governing-rules flow,Resolution proves only that a Git commit object is present; its subject and narrative claims remain subject to source and runtime review.
17e22bc,pasted_content_3.txt;pasted_content_5.txt,RESOLVED,17e22bc8970f86ae8f0c8f6611434c65028a78fd,17e22bc,feat(F-web): drug scanner — barcode lookup + interactions (parity #21),Resolution proves only that a Git commit object is present; its subject and narrative claims remain subject to source and runtime review.
1d802f4,pasted_content_3.txt;pasted_content_5.txt,RESOLVED,1d802f4f64a7274698a82c043890ec9b15eb6b23,1d802f4,feat(F-web): treatment programs — enroll + complete session (parity #29),Resolution proves only that a Git commit object is present; its subject and narrative claims remain subject to source and runtime review.
20c6f2b,pasted_content_4.txt;pasted_content_5.txt,RESOLVED,20c6f2bc2334b4cc5bac655cfdecdbb87777d237,20c6f2b,"feat(A7): command center v2 SSE controller + scheduled reports runner (cron, real aggregation compute, CSV attachment email via Resend/SES, run history)",Resolution proves only that a Git commit object is present; its subject and narrative claims remain subject to source and runtime review.
22526be,pasted_content_3.txt,MISSING_OR_NON_COMMIT,,,,Resolution proves only that a Git commit object is present; its subject and narrative claims remain subject to source and runtime review.
2610216,pasted_content_3.txt,RESOLVED,26102163a5fa07b73a0a4d5518932515e9e4535a,2610216,feat(C): pharmacy governing-rules engine (PH-PHARMACY),Resolution proves only that a Git commit object is present; its subject and narrative claims remain subject to source and runtime review.
265a133,pasted_content_3.txt,RESOLVED,265a133d89c3b084151d801ac10e8cf77cc3d02e,265a133,"feat(segments): dynamic audiences (plan E) — pure DSL→Mongo compiler with privacy fence, preview/count/members endpoints, audit; 6/6 unit tests",Resolution proves only that a Git commit object is present; its subject and narrative claims remain subject to source and runtime review.
2c6ccca,pasted_content_3.txt;pasted_content_5.txt,MISSING_OR_NON_COMMIT,,,,Resolution proves only that a Git commit object is present; its subject and narrative claims remain subject to source and runtime review.
32064fc,pasted_content_3.txt,RESOLVED,32064fcaf60a68b09cbecfb15f4d5f51729a635b,32064fc,feat(F-web): providers map list + filters (parity #24),Resolution proves only that a Git commit object is present; its subject and narrative claims remain subject to source and runtime review.
3b5218f,pasted_content_3.txt;pasted_content_5.txt,RESOLVED,3b5218f4818072ecb9538944bd471e6c8e7cd518,3b5218f,"docs: quality+security gate results — tsc/tests green both apps, audit fixes, explicit remaining decisions",Resolution proves only that a Git commit object is present; its subject and narrative claims remain subject to source and runtime review.
3dde1e7,pasted_content_3.txt;pasted_content_5.txt,RESOLVED,3dde1e74aaf5f6b070e45d63aa787a6d367af998,3dde1e7,"feat(F-web): AI tools hub — triage, prescription translation, skin self-check (parity #20)",Resolution proves only that a Git commit object is present; its subject and narrative claims remain subject to source and runtime review.
3e9f8e9,pasted_content_3.txt;pasted_content_5.txt,RESOLVED,3e9f8e9dd3dfd2973a02a4dfbca76bcb5027c355,3e9f8e9,"feat(A1): security foundation — role hierarchy (super_admin⊇admin), dynamic RBAC, real disputes engine, shared audit service, reason enforcement",Resolution proves only that a Git commit object is present; its subject and narrative claims remain subject to source and runtime review.
3f319d0,pasted_content_3.txt,RESOLVED,3f319d06d04b672b9d863cf736d09266933a204c,3f319d0,fix(P1): server-side temp credentials + ownership field fix in hospital-staff (parent_account_id read bug),Resolution proves only that a Git commit object is present; its subject and narrative claims remain subject to source and runtime review.
3f3c288,pasted_content_3.txt;pasted_content_5.txt,RESOLVED,3f3c288f52639c13b36d5a00e15393f6ec700fc7,3f3c288,docs: WEB PARITY batch-1 record (parity #11 + #12) and agent-collision warning,Resolution proves only that a Git commit object is present; its subject and narrative claims remain subject to source and runtime review.
4194495,pasted_content_3.txt,RESOLVED,4194495b9378ad5f2c24414a6344c9233b03bd7c,4194495,chore: seed workstation from main@22526be (cleaned source only),Resolution proves only that a Git commit object is present; its subject and narrative claims remain subject to source and runtime review.
42a52cc,pasted_content_3.txt;pasted_content_5.txt,RESOLVED,42a52cccb14e3cdec10ba8913425acb31adc70e2,42a52cc,feat(E-web): labs/radiology/nursing web booking per PH-SERVICE,Resolution proves only that a Git commit object is present; its subject and narrative claims remain subject to source and runtime review.
4f4cbec,pasted_content_3.txt;pasted_content_5.txt,RESOLVED,4f4cbec39f9971c7f28c541309c9317a28e063be,4f4cbec,fix(E-mobile): nursing funnel follows the real PH-SERVICE paths,Resolution proves only that a Git commit object is present; its subject and narrative claims remain subject to source and runtime review.
51a84c7,pasted_content_3.txt;pasted_content_5.txt,RESOLVED,51a84c76a690f30baac8b4bb3df6ab575aad4520,51a84c7,feat(go-gate#2): mail smoke tool — one command proves key+domain+CSV attachment over the production Resend→SES path,Resolution proves only that a Git commit object is present; its subject and narrative claims remain subject to source and runtime review.
5412d5c,pasted_content_3.txt;pasted_content_5.txt,RESOLVED,5412d5ca2b7eed166c196292aa42610458ba9e21,5412d5c,fix(J/X2): production compose actually boots now,Resolution proves only that a Git commit object is present; its subject and narrative claims remain subject to source and runtime review.
55659a8,pasted_content_3.txt;pasted_content_5.txt,RESOLVED,55659a822200b80fbe5376038db2662e8184df98,55659a8,feat(G): wallet payment for selected pharmacy offer (atomic guarded debit),Resolution proves only that a Git commit object is present; its subject and narrative claims remain subject to source and runtime review.
55bc074,pasted_content_3.txt;pasted_content_5.txt,RESOLVED,55bc0742e1f4cea5982685154dc0e82999ad759e,55bc074,fix(I/X12): root html lang+dir follow the active locale (was hardcoded ar/rtl),Resolution proves only that a Git commit object is present; its subject and narrative claims remain subject to source and runtime review.
5ab5bee,pasted_content_3.txt;pasted_content_5.txt,RESOLVED,5ab5beec72672834b6064e47e522e4e6a379c027,5ab5bee,fix(web-security): bookings BFF idempotency + compare route CSRF gate,Resolution proves only that a Git commit object is present; its subject and narrative claims remain subject to source and runtime review.
612c84a,pasted_content_3.txt,RESOLVED,612c84a0d764c6f3636bd874cd194e509bfbea67,612c84a,fix(B): close 20 critical security holes across backend/mobile/web,Resolution proves only that a Git commit object is present; its subject and narrative claims remain subject to source and runtime review.
6237429,pasted_content_3.txt,RESOLVED,623742942ed1355abc7683517bbc9827d5d704d8,6237429,"feat(F): family bookings verified, GDPR export live, data-rights buttons wired",Resolution proves only that a Git commit object is present; its subject and narrative claims remain subject to source and runtime review.
6aa7f3f,pasted_content_5.txt,RESOLVED,6aa7f3f70ff03653412a0269a96728304bc89ba9,6aa7f3f,docs: provider production plan + admin enterprise plan (standalone sessions),Resolution proves only that a Git commit object is present; its subject and narrative claims remain subject to source and runtime review.
7030535,pasted_content_3.txt,RESOLVED,703053558a8c9464d4c9d6ff90ce0045f498bd18,7030535,"test(enterprise): REAL integration gate 18/18 — boots AdminEnterpriseModule on in-memory Mongo, probes A1→A7 over HTTP",Resolution proves only that a Git commit object is present; its subject and narrative claims remain subject to source and runtime review.
74826b3,pasted_content_3.txt;pasted_content_5.txt,RESOLVED,74826b3ee6074ea08aa168c386f00fadea61965e,74826b3,feat(E): labs/radiology booking funnel + unified coverage mirrors (PH-SERVICE),Resolution proves only that a Git commit object is present; its subject and narrative claims remain subject to source and runtime review.
7ba7501,pasted_content_4.txt;pasted_content_5.txt,RESOLVED,7ba7501657cd7a5c8a4a83fa90b9fc3e148a391e,7ba7501,"feat(P5-P7): vertical lifecycle gate 9/9 — lab sample chain→REPORTED+TAT, radiology coverage/report-phases with enum-valid mirror + secure storage, nursing geofence visit chain, ambulance dispatch→ledger; fixes radiology partial-approval mirror enum",Resolution proves only that a Git commit object is present; its subject and narrative claims remain subject to source and runtime review.
8a34ad0,pasted_content_3.txt;pasted_content_5.txt,RESOLVED,8a34ad0643eb77b8c851e4b339cfb3f6473874f4,8a34ad0,feat(F-web): drug compare + advanced search (parity #33),Resolution proves only that a Git commit object is present; its subject and narrative claims remain subject to source and runtime review.
91cf09a,pasted_content_3.txt;pasted_content_5.txt,RESOLVED,91cf09a316686988e4e4cceebcec1150263b3348,91cf09a,test(web): align suites with fail-closed CSRF and I-wave1 indexing policy,Resolution proves only that a Git commit object is present; its subject and narrative claims remain subject to source and runtime review.
9502dd5,pasted_content_3.txt;pasted_content_5.txt,RESOLVED,9502dd5ecfd65a95488e6c5fc5bfd52388815257,9502dd5,feat(H+20): REST chat fanout to WS room + monthly health report endpoint,Resolution proves only that a Git commit object is present; its subject and narrative claims remain subject to source and runtime review.
9ecbe8c,pasted_content_3.txt;pasted_content_5.txt,RESOLVED,9ecbe8c7559ff69bb8a5d5d6624cfa442b572a39,9ecbe8c,feat(H-web): web-push enable + notification deep-links (parity #14),Resolution proves only that a Git commit object is present; its subject and narrative claims remain subject to source and runtime review.
9f278b1,pasted_content_3.txt;pasted_content_5.txt,RESOLVED,9f278b167a42f4d083151eebab1cce211d0ac5bf,9f278b1,feat(E-web): nursing booking page + BFF payload fix for /home-care/bookings,Resolution proves only that a Git commit object is present; its subject and narrative claims remain subject to source and runtime review.
a56321c,pasted_content_3.txt;pasted_content_5.txt,RESOLVED,a56321cc3753e80fcc287c05a68a75ee97afde01,a56321c,docs: completion batch recorded — parity #13/#28/#20/G fully closed; remaining = owner decision + gate J,Resolution proves only that a Git commit object is present; its subject and narrative claims remain subject to source and runtime review.
a57a1f0,pasted_content_3.txt;pasted_content_5.txt,RESOLVED,a57a1f022fee63a92d1572d9cafc0711e25d2562,a57a1f0,feat(F-web): emergency SOS trigger/cancel + active check (parity #30),Resolution proves only that a Git commit object is present; its subject and narrative claims remain subject to source and runtime review.
aaef7da,pasted_content_3.txt;pasted_content_5.txt,RESOLVED,aaef7da3734e68bd8bbed9d06284feacf9090ff2,aaef7da,"feat(F-web): settings edit — profile patch, language sync, notif prefs (parity #28)",Resolution proves only that a Git commit object is present; its subject and narrative claims remain subject to source and runtime review.
b0bd5ef,pasted_content_3.txt;pasted_content_5.txt,RESOLVED,b0bd5efb7f66de099888fd13e950c067eec34481,b0bd5ef,feat(D): consultations insurance branch per PH-SERVICE governing rules,Resolution proves only that a Git commit object is present; its subject and narrative claims remain subject to source and runtime review.
bcbfcbf,pasted_content_3.txt,RESOLVED,bcbfcbf8a5ec7a31a62ffab465813b760d5bbbfd,bcbfcbf,feat(A): decisions locked + shared-contracts state machines + CI skeleton,Resolution proves only that a Git commit object is present; its subject and narrative claims remain subject to source and runtime review.
c0b000a,pasted_content_3.txt;pasted_content_5.txt,RESOLVED,c0b000a432dd0d488212ad9ca7e5bd921d5afbfd,c0b000a,feat(F-web): community — post/vote/comment (parity #31),Resolution proves only that a Git commit object is present; its subject and narrative claims remain subject to source and runtime review.
c0cfbcb,pasted_content_3.txt;pasted_content_5.txt,RESOLVED,c0cfbcbd4f958220b5681b15d4b0574d58936b09,c0cfbcb,feat(F-web): returns hub — refund request + my refunds (parity #26),Resolution proves only that a Git commit object is present; its subject and narrative claims remain subject to source and runtime review.
c1c14cb,pasted_content_3.txt;pasted_content_5.txt,RESOLVED,c1c14cbd20edfd1b4aa28d590dd5ed7afa31e14e,c1c14cb,feat(G-web): server loyalty redeem-quote on pharmacy pay (G completion),Resolution proves only that a Git commit object is present; its subject and narrative claims remain subject to source and runtime review.
c863f24,pasted_content_3.txt;pasted_content_5.txt,RESOLVED,c863f244b1602de9c75feb3702813979b02318c0,c863f24,feat(F-web): wearables manual entry (parity #32),Resolution proves only that a Git commit object is present; its subject and narrative claims remain subject to source and runtime review.
c92a03b,pasted_content_3.txt;pasted_content_5.txt,RESOLVED,c92a03bbc298b5266f832b97f1a215c3bf31b877,c92a03b,"docs: admin session review verdict — approved, 4 GO-gate items remain",Resolution proves only that a Git commit object is present; its subject and narrative claims remain subject to source and runtime review.
c977233,pasted_content_3.txt;pasted_content_5.txt,RESOLVED,c977233ed9c49d20e1765f640c7b08714d0be3dc,c977233,feat(go-gate#3): wire seo_controls into robots()/sitemap() — blocked entity types vanish from sitemap and get explicit Disallow lines,Resolution proves only that a Git commit object is present; its subject and narrative claims remain subject to source and runtime review.
d53092e,pasted_content_3.txt;pasted_content_5.txt,RESOLVED,d53092e11e1c480f646201ff307ab0872773a34d,d53092e,feat(H-web): chat realtime via socket.io + attachments end-to-end (parity #13 complete),Resolution proves only that a Git commit object is present; its subject and narrative claims remain subject to source and runtime review.
d537e9a,pasted_content_4.txt;pasted_content_5.txt,RESOLVED,d537e9acda9849d8be9f71a6f664c69357302486,d537e9a,feat(P2): provider contracts for 7 verticals + 9 governed endpoint DTOs + transition guard (7 unit gates green),Resolution proves only that a Git commit object is present; its subject and narrative claims remain subject to source and runtime review.
db2eb00,pasted_content_3.txt;pasted_content_5.txt,RESOLVED,db2eb00478b464fa87df6433dcf4c2bec45fe89c,db2eb00,fix(E): booking mirrors actually persist + member_id across labs/radiology/nursing,Resolution proves only that a Git commit object is present; its subject and narrative claims remain subject to source and runtime review.
e492929,pasted_content_3.txt;pasted_content_5.txt,RESOLVED,e4929291554fe8f7483a4325fc149d641543ea97,e492929,feat(I): SEO unlock wave-1 — public catalog surfaces,Resolution proves only that a Git commit object is present; its subject and narrative claims remain subject to source and runtime review.
f10ea7f,pasted_content_3.txt;pasted_content_5.txt,RESOLVED,f10ea7fe4dbe580832de7bca3f99ae22531c29f2,f10ea7f,fix(J-review): hospital-staff ownership write path (strict-mode strip re-broke access) + review verdict with 5 mandatory follow-ups,Resolution proves only that a Git commit object is present; its subject and narrative claims remain subject to source and runtime review.
f24e344,pasted_content_3.txt;pasted_content_5.txt,RESOLVED,f24e34446e9d16f6fa5d2f2541d0b7b36468485e,f24e344,"feat(H+J): root error boundary mounted, deep-link scheme unified (nabdplus), governing-rules e2e matrix (10 probes)",Resolution proves only that a Git commit object is present; its subject and narrative claims remain subject to source and runtime review.
f785924,pasted_content_3.txt;pasted_content_5.txt,RESOLVED,f785924ec13cdd44e97f2e9345e91fc8c4fe4ce1,f785924,feat(F-web): offers index/detail + patient offers list endpoint (parity #23),Resolution proves only that a Git commit object is present; its subject and narrative claims remain subject to source and runtime review.
